source,chunk_id,char_count
PMC11282474.txt,0,123
PMC11282474.txt,2,832
PMC11282474.txt,3,798
PMC11282474.txt,4,123
PMC11282474.txt,6,829
PMC11282474.txt,7,970
PMC11282474.txt,8,577
PMC11282474.txt,9,123
PMC11282474.txt,11,1005
PMC11282474.txt,12,891
PMC11282474.txt,13,900
PMC11282474.txt,14,840
PMC11282474.txt,15,901
PMC11282474.txt,16,948
PMC11282474.txt,17,768
PMC11282474.txt,18,970
PMC11282474.txt,19,789
PMC11282474.txt,20,986
PMC11282474.txt,21,745
PMC11282474.txt,22,553
PMC11282474.txt,23,533
PMC11282474.txt,24,529
PMC11282474.txt,25,976
PMC11282474.txt,26,146
PMC11282474.txt,27,965
PMC11282474.txt,28,528
PMC11282474.txt,29,976
PMC11282474.txt,30,982
PMC11282474.txt,32,931
PMC11282474.txt,33,796
PMC11282474.txt,34,982
PMC11282474.txt,35,415
PMC11282474.txt,37,1027
PMC11282474.txt,38,849
PMC11282474.txt,39,894
PMC11282474.txt,40,314
PMC11282474.txt,41,415
PMC11289045.txt,42,737
PMC11289045.txt,43,534
PMC11289045.txt,44,690
PMC11289045.txt,45,489
PMC11289045.txt,46,873
PMC11289045.txt,48,966
PMC11289045.txt,49,149
PMC11289045.txt,50,873
PMC11289045.txt,52,949
PMC11289045.txt,53,381
PMC11289045.txt,54,873
PMC11289045.txt,55,317
PMC11289045.txt,56,985
PMC11289045.txt,58,983
PMC11289045.txt,59,387
PMC11289045.txt,60,985
PMC11289045.txt,61,715
PMC11289045.txt,63,1031
PMC11289045.txt,64,812
PMC11289045.txt,65,993
PMC11289045.txt,66,342
PMC11289045.txt,67,715
PMC11289045.txt,68,993
PMC11289045.txt,69,966
PMC11289045.txt,70,856
PMC11289045.txt,71,857
PMC11289045.txt,72,945
PMC11289045.txt,73,860
PMC11289045.txt,74,700
PMC11289045.txt,75,869
PMC11289045.txt,76,676
PMC11289045.txt,77,974
PMC11289045.txt,78,635
PMC11289045.txt,79,580
PMC11289045.txt,80,882
PMC11289045.txt,81,795
PMC11289045.txt,82,619
PMC11289045.txt,83,791
PMC11289045.txt,84,771
PMC11289045.txt,85,854
PMC11289045.txt,86,857
PMC11289045.txt,87,781
PMC11289045.txt,88,833
PMC11289045.txt,89,632
PMC11289045.txt,90,625
PMC11289045.txt,91,773
PMC11289045.txt,92,426
PMC11289045.txt,93,903
PMC11289045.txt,94,654
PMC11289045.txt,95,639
PMC11289045.txt,96,791
PMC11289045.txt,97,567
PMC11289045.txt,98,866
PMC11289045.txt,99,741
PMC11289045.txt,100,576
PMC11289045.txt,101,904
PMC11289045.txt,102,348
PMC11289045.txt,103,781
PMC11289045.txt,104,882
PMC11289045.txt,105,505
PMC11289045.txt,106,999
PMC11289045.txt,107,299
PMC11289045.txt,108,859
PMC11289045.txt,109,763
PMC11289045.txt,110,833
PMC11289045.txt,111,994
PMC11289045.txt,112,936
PMC11289045.txt,113,668
PMC11289045.txt,114,780
PMC11289045.txt,115,561
PMC11289045.txt,116,198
PMC11289045.txt,117,937
PMC11289045.txt,118,516
PMC11289045.txt,119,561
PMC11289045.txt,120,621
PMC11289045.txt,121,202
PMC11289045.txt,122,875
PMC11289045.txt,123,999
PMC11289045.txt,124,357
PMC11289045.txt,125,820
PMC11289045.txt,126,247
PMC11289045.txt,127,807
PMC11289045.txt,128,862
PMC11289045.txt,129,722
PMC11289045.txt,130,853
PMC11289045.txt,131,858
PMC11289045.txt,132,586
PMC11289045.txt,134,866
PMC11289045.txt,135,865
PMC11289045.txt,136,700
PMC11289045.txt,137,586
PMC11289045.txt,138,827
PMC11289045.txt,139,830
PMC11289045.txt,140,668
PMC11289045.txt,142,872
PMC11289045.txt,143,294
PMC11289045.txt,144,668
PMC12338446.txt,145,314
PMC12338446.txt,146,724
PMC12338446.txt,148,996
PMC12338446.txt,149,251
PMC12338446.txt,150,724
PMC12338446.txt,151,676
PMC12338446.txt,152,574
PMC12338446.txt,154,921
PMC12338446.txt,155,201
PMC12338446.txt,156,999
PMC12338446.txt,157,664
PMC12338446.txt,159,668
PMC12338446.txt,161,758
PMC12338446.txt,162,820
PMC12338446.txt,163,897
PMC12338446.txt,164,691
PMC12338446.txt,165,574
PMC12338446.txt,167,903
PMC12338446.txt,168,454
PMC12338446.txt,169,731
PMC12338446.txt,171,955
PMC12338446.txt,172,964
PMC12338446.txt,173,880
PMC12338446.txt,174,779
PMC12338446.txt,175,926
PMC12338446.txt,176,977
PMC12338446.txt,177,865
PMC12338446.txt,178,994
PMC12338446.txt,179,994
PMC12338446.txt,180,757
PMC12338446.txt,181,583
PMC12338446.txt,182,989
PMC12338446.txt,183,846
PMC12338446.txt,184,657
PMC12338446.txt,185,975
PMC12338446.txt,186,875
PMC12338446.txt,187,506
PMC12338446.txt,188,927
PMC12338446.txt,189,998
PMC12338446.txt,190,931
PMC12338446.txt,191,810
PMC12338446.txt,192,998
PMC12338446.txt,193,989
PMC12338446.txt,194,801
PMC12338446.txt,195,775
PMC12338446.txt,196,953
PMC12338446.txt,197,900
PMC12338446.txt,198,878
PMC12338446.txt,199,830
PMC12338446.txt,200,927
PMC12338446.txt,201,933
PMC12338446.txt,202,535
PMC12338446.txt,203,754
PMC12338446.txt,204,980
PMC12338446.txt,205,217
PMC12338446.txt,206,731
PMC12338446.txt,208,1002
PMC12338446.txt,209,872
PMC12338446.txt,210,732
PMC12338446.txt,211,768
PMC12338446.txt,212,595
PMC12338446.txt,213,731
PMC12338446.txt,214,472
PMC12338446.txt,215,534
PMC6510875.txt,216,456
PMC6510875.txt,217,644
PMC6510875.txt,218,664
PMC6510875.txt,219,984
PMC6510875.txt,220,283
PMC6510875.txt,222,800
PMC6510875.txt,223,723
PMC6510875.txt,224,818
PMC6510875.txt,225,283
PMC6510875.txt,226,939
PMC6510875.txt,228,1053
PMC6510875.txt,229,968
PMC6510875.txt,230,902
PMC6510875.txt,231,125
PMC6510875.txt,232,939
PMC6510875.txt,234,996
PMC6510875.txt,235,254
PMC6510875.txt,236,939
PMC6510875.txt,238,1040
PMC6510875.txt,239,690
PMC6510875.txt,240,740
PMC6510875.txt,241,858
PMC6510875.txt,242,662
PMC6510875.txt,243,939
PMC6510875.txt,244,702
PMC6510875.txt,245,108
PMC6510875.txt,246,967
PMC6510875.txt,247,967
PMC6510875.txt,248,953
PMC6510875.txt,249,735
PMC6510875.txt,250,702
PMC6510875.txt,251,576
PMC6510875.txt,253,799
PMC6510875.txt,254,867
PMC6510875.txt,255,520
PMC6510875.txt,256,576
PMC6510875.txt,257,818
PMC6510875.txt,258,939
PMC6510875.txt,259,896
PMC6510875.txt,260,463
PMC6510875.txt,261,622
PMC6510875.txt,263,976
PMC6510875.txt,264,909
PMC6510875.txt,265,622
PMC6510875.txt,266,679
PMC6510875.txt,268,883
PMC6510875.txt,269,970
PMC6510875.txt,270,556
PMC6510875.txt,271,679
PMC6510875.txt,273,864
PMC6510875.txt,274,375
PMC6510875.txt,275,679
PMC6510875.txt,276,643
PMC6510875.txt,277,993
PMC6510875.txt,278,853
PMC6510875.txt,279,670
PMC6510875.txt,280,927
PMC6510875.txt,281,491
PMC6510875.txt,282,976
PMC6510875.txt,283,546
PMC6510875.txt,284,635
PMC6510875.txt,285,644
PMC6510875.txt,286,441
PMC6510875.txt,288,1004
PMC6510875.txt,289,998
PMC6510875.txt,290,110
PMC6510875.txt,291,972
PMC6510875.txt,292,998
PMC6510875.txt,293,759
PMC6510875.txt,294,662
PMC6510875.txt,296,985
PMC6510875.txt,297,927
PMC6510875.txt,298,996
PMC6510875.txt,299,318
PMC6510875.txt,300,788
PMC6510875.txt,301,822
PMC5100245.txt,302,206
PMC5100245.txt,304,852
PMC5100245.txt,305,772
PMC5100245.txt,306,206
PMC5100245.txt,308,881
PMC5100245.txt,309,516
PMC5100245.txt,310,206
PMC5100245.txt,312,943
PMC5100245.txt,313,337
PMC5100245.txt,314,874
PMC5100245.txt,315,922
PMC5100245.txt,316,777
PMC5100245.txt,318,870
PMC5100245.txt,319,872
PMC5100245.txt,320,777
PMC5100245.txt,321,398
PMC5100245.txt,322,852
PMC5100245.txt,324,1052
PMC5100245.txt,325,852
PMC5100245.txt,326,455
PMC5100245.txt,327,787
PMC11222175.txt,328,233
PMC11222175.txt,330,910
PMC11222175.txt,331,786
PMC11222175.txt,332,491
PMC11222175.txt,333,954
PMC11222175.txt,334,608
PMC11222175.txt,335,233
PMC11222175.txt,337,1062
PMC11222175.txt,338,428
PMC11222175.txt,339,674
PMC11222175.txt,341,990
PMC11222175.txt,342,623
PMC11222175.txt,343,674
PMC11222175.txt,344,459
PMC11222175.txt,345,631
PMC11222175.txt,346,998
PMC11222175.txt,347,863
PMC11222175.txt,348,557
PMC11222175.txt,349,990
PMC11222175.txt,350,292
PMC11222175.txt,352,908
PMC11222175.txt,353,389
PMC11222175.txt,354,839
PMC11222175.txt,356,971
PMC11222175.txt,357,325
PMC11222175.txt,358,839
PMC11222175.txt,360,826
PMC11222175.txt,361,892
PMC11222175.txt,362,392
PMC11222175.txt,363,839
PMC11222175.txt,364,380
PMC11222175.txt,366,1054
PMC11222175.txt,367,586
PMC11222175.txt,368,504
PMC11222175.txt,369,526
PMC11222175.txt,370,494
PMC11222175.txt,371,787
PMC11222175.txt,372,769
PMC11222175.txt,373,904
PMC11222175.txt,374,746
PMC11222175.txt,375,550
PMC11222175.txt,376,171
PMC11222175.txt,377,850
PMC11222175.txt,378,550
PMC11222175.txt,379,613
PMC11222175.txt,380,872
PMC11222175.txt,381,493
PMC11222175.txt,383,909
PMC11222175.txt,384,419
PMC11222175.txt,385,493
PMC10520188.txt,386,631
PMC10520188.txt,387,976
PMC10520188.txt,388,660
PMC10520188.txt,389,775
PMC10520188.txt,390,666
PMC10520188.txt,391,664
PMC10520188.txt,393,1065
PMC10520188.txt,394,288
PMC10520188.txt,395,664
PMC10520188.txt,397,976
PMC10520188.txt,398,415
PMC10520188.txt,399,664
PMC10520188.txt,400,438
PMC10520188.txt,402,969
PMC10520188.txt,403,459
PMC10520188.txt,404,438
PMC10520188.txt,405,930
PMC10520188.txt,406,791
PMC10520188.txt,407,742
PMC10520188.txt,408,718
PMC10520188.txt,409,591
PMC10520188.txt,411,985
PMC10520188.txt,412,787
PMC10520188.txt,413,500
PMC10520188.txt,414,591
PMC10520188.txt,416,1047
PMC10520188.txt,417,590
PMC10520188.txt,418,591
PMC10520188.txt,420,977
PMC10520188.txt,421,946
PMC10520188.txt,422,646
PMC10520188.txt,423,591
PMC10520188.txt,425,922
PMC10520188.txt,426,132
PMC10520188.txt,427,591
PMC10520188.txt,428,862
PMC10520188.txt,430,1000
PMC10520188.txt,431,862
PMC10520188.txt,432,338
PMC10520188.txt,434,996
PMC10520188.txt,435,768
PMC10520188.txt,436,707
PMC10520188.txt,437,338
PMC10520188.txt,439,961
PMC10520188.txt,440,807
PMC10520188.txt,441,338
PMC10520188.txt,443,1016
PMC10520188.txt,444,338
PMC10520188.txt,445,927
PMC10520188.txt,446,934
PMC10520188.txt,447,636
PMC10520188.txt,449,815
PMC10520188.txt,450,875
PMC10520188.txt,451,636
PMC10520188.txt,452,661
PMC10520188.txt,453,493
PMC6135479.txt,454,130
PMC6135479.txt,456,964
PMC6135479.txt,457,795
PMC6135479.txt,458,577
PMC6135479.txt,459,931
PMC6135479.txt,461,891
PMC6135479.txt,462,989
PMC6135479.txt,463,380
PMC6135479.txt,464,931
PMC6135479.txt,465,882
PMC6135479.txt,466,590
PMC6135479.txt,467,134
PMC6135479.txt,468,685
PMC6135479.txt,469,990
PMC6135479.txt,470,431
PMC6135479.txt,471,848
PMC6135479.txt,472,959
PMC6135479.txt,473,590
PMC6135479.txt,475,743
PMC6135479.txt,476,801
PMC6135479.txt,477,989
PMC6135479.txt,479,923
PMC6135479.txt,480,936
PMC6135479.txt,481,234
PMC6135479.txt,482,989
PMC6135479.txt,483,773
PMC6135479.txt,485,964
PMC6135479.txt,486,894
PMC6135479.txt,487,948
PMC6135479.txt,489,856
PMC6135479.txt,491,1006
PMC6135479.txt,492,957
PMC6135479.txt,493,934
PMC6135479.txt,494,773
PMC6135479.txt,495,743
PMC6135479.txt,496,891
PMC6135479.txt,497,106
PMC6135479.txt,498,984
PMC6135479.txt,499,815
PMC6135479.txt,500,943
PMC6135479.txt,501,745
PMC6135479.txt,502,837
PMC6135479.txt,503,977
PMC6135479.txt,504,688
PMC6135479.txt,505,891
PMC6135479.txt,506,598
PMC6135479.txt,508,954
PMC6135479.txt,509,925
PMC6135479.txt,510,863
PMC6135479.txt,511,949
PMC6135479.txt,512,962
PMC6135479.txt,513,980
PMC6135479.txt,514,849
PMC6135479.txt,515,634
PMC6135479.txt,516,598
PMC6135479.txt,517,107
PMC6135479.txt,518,820
PMC6135479.txt,519,777
PMC6135479.txt,520,983
PMC6135479.txt,521,889
PMC6135479.txt,522,229
PMC6135479.txt,523,598
PMC6135479.txt,524,405
PMC6135479.txt,526,1076
PMC6135479.txt,527,989
PMC6135479.txt,528,934
PMC6135479.txt,529,373
PMC6135479.txt,530,812
PMC6135479.txt,532,1048
PMC6135479.txt,533,901
PMC6135479.txt,534,749
PMC6135479.txt,535,918
PMC6135479.txt,536,927
PMC6135479.txt,537,867
PMC6135479.txt,538,915
PMC6135479.txt,539,886
PMC6135479.txt,540,125
PMC6135479.txt,541,812
PMC6135479.txt,542,363
PMC6135479.txt,544,1004
PMC6135479.txt,545,976
PMC6135479.txt,546,762
PMC6135479.txt,547,822
PMC6135479.txt,549,1063
PMC6135479.txt,550,900
PMC6135479.txt,551,892
PMC6135479.txt,552,958
PMC6135479.txt,553,889
PMC6135479.txt,554,822
PMC6135479.txt,555,364
PMC6135479.txt,557,967
PMC6135479.txt,558,938
PMC6135479.txt,559,917
PMC6135479.txt,560,872
PMC6135479.txt,561,364
PMC6135479.txt,563,1065
PMC6135479.txt,564,932
PMC6135479.txt,565,921
PMC6135479.txt,566,860
PMC6135479.txt,567,958
PMC6135479.txt,568,914
PMC6135479.txt,569,565
PMC6135479.txt,570,670
PMC6135479.txt,571,416
PMC6135479.txt,572,102
PMC6135479.txt,573,834
PMC6135479.txt,574,910
PMC6135479.txt,575,919
PMC6135479.txt,576,883
PMC6135479.txt,577,801
PMC6135479.txt,578,416
PMC6135479.txt,580,1019
PMC6135479.txt,581,852
PMC6135479.txt,582,966
PMC6135479.txt,583,981
PMC6135479.txt,584,801
PMC6135479.txt,585,760
PMC6135479.txt,586,416
PMC6135479.txt,588,973
PMC6135479.txt,589,977
PMC6135479.txt,590,995
PMC6135479.txt,591,891
PMC6135479.txt,592,416
PMC11161250.txt,593,680
PMC11161250.txt,594,609
PMC11161250.txt,595,981
PMC11161250.txt,597,974
PMC11161250.txt,598,799
PMC11161250.txt,599,937
PMC11161250.txt,600,892
PMC11161250.txt,601,977
PMC11161250.txt,602,981
PMC11161250.txt,603,111
PMC11161250.txt,604,981
PMC11161250.txt,606,867
PMC11161250.txt,607,840
PMC11161250.txt,608,304
PMC11161250.txt,609,981
PMC11161250.txt,611,825
PMC11161250.txt,612,976
PMC11161250.txt,613,909
PMC11161250.txt,614,981
PMC11161250.txt,615,954
PMC11161250.txt,616,969
PMC11161250.txt,617,978
PMC11161250.txt,618,884
PMC11161250.txt,619,902
PMC11161250.txt,620,888
PMC11161250.txt,621,804
PMC11161250.txt,622,911
PMC11161250.txt,623,962
PMC11161250.txt,624,834
PMC11161250.txt,625,328
PMC11161250.txt,626,981
PMC5323492.txt,627,777
PMC5323492.txt,628,655
PMC5323492.txt,629,835
PMC5323492.txt,630,796
PMC5323492.txt,631,245
PMC5323492.txt,633,993
PMC5323492.txt,634,950
PMC5323492.txt,635,656
PMC5323492.txt,636,873
PMC5323492.txt,637,959
PMC5323492.txt,638,961
PMC5323492.txt,639,836
PMC5323492.txt,640,120
PMC5323492.txt,641,962
PMC5323492.txt,642,874
PMC5323492.txt,643,305
PMC5323492.txt,644,836
PMC5323492.txt,645,719
PMC5323492.txt,646,101
PMC5323492.txt,647,804
PMC5323492.txt,648,999
PMC5323492.txt,649,961
PMC5323492.txt,650,935
PMC5323492.txt,651,728
PMC5323492.txt,652,719
PMC5323492.txt,653,108
PMC5323492.txt,654,994
PMC5323492.txt,655,999
PMC5323492.txt,656,259
PMC5323492.txt,657,998
PMC5323492.txt,658,108
PMC5323492.txt,659,981
PMC5323492.txt,660,926
PMC5323492.txt,661,253
PMC5323492.txt,662,998
PMC5323492.txt,663,792
PMC5323492.txt,664,640
PMC5323492.txt,665,921
PMC5323492.txt,666,856
PMC5323492.txt,667,506
PMC5323492.txt,668,749
PMC5323492.txt,669,582
PMC5323492.txt,670,786
PMC11427556.txt,671,794
PMC11427556.txt,672,613
PMC11427556.txt,674,966
PMC11427556.txt,675,876
PMC11427556.txt,676,613
PMC11427556.txt,677,833
PMC11427556.txt,678,956
PMC11427556.txt,679,938
PMC11427556.txt,680,1001
PMC11427556.txt,681,743
PMC11427556.txt,682,305
PMC11427556.txt,683,852
PMC11427556.txt,684,587
PMC11427556.txt,685,974
PMC11427556.txt,686,934
PMC11427556.txt,687,159
PMC11427556.txt,688,877
PMC11427556.txt,689,908
PMC11427556.txt,690,779
PMC11427556.txt,691,720
PMC11427556.txt,692,698
PMC11427556.txt,693,991
PMC11427556.txt,694,441
PMC11427556.txt,695,842
PMC11427556.txt,696,800
PMC11427556.txt,697,878
PMC11427556.txt,698,954
PMC11427556.txt,699,968
PMC11427556.txt,700,996
PMC11427556.txt,701,392
PMC4956681.txt,702,515
PMC4956681.txt,704,904
PMC4956681.txt,705,403
PMC4956681.txt,706,515
PMC4956681.txt,708,1035
PMC4956681.txt,709,775
PMC4956681.txt,710,515
PMC4956681.txt,712,999
PMC4956681.txt,713,104
PMC4956681.txt,714,515
PMC4956681.txt,715,864
PMC4956681.txt,717,641
PMC4956681.txt,718,715
PMC4956681.txt,719,684
PMC4956681.txt,720,987
PMC4956681.txt,721,864
PMC4956681.txt,723,1061
PMC4956681.txt,724,739
PMC4956681.txt,725,864
PMC4956681.txt,727,958
PMC4956681.txt,728,378
PMC4956681.txt,729,864
PMC4956681.txt,731,979
PMC4956681.txt,732,915
PMC4956681.txt,733,937
PMC4956681.txt,734,126
PMC4956681.txt,735,864
PMC4956681.txt,736,309
PMC4956681.txt,737,880
PMC4956681.txt,738,747
PMC4956681.txt,739,945
PMC4956681.txt,740,834
PMC4956681.txt,741,784
PMC4956681.txt,742,992
PMC4956681.txt,743,864
PMC4956681.txt,745,1025
PMC4956681.txt,746,977
PMC4956681.txt,747,890
PMC4956681.txt,748,708
PMC4956681.txt,749,864
PMC4956681.txt,750,274
PMC4956681.txt,751,873
PMC4956681.txt,752,911
PMC4956681.txt,753,701
PMC4956681.txt,754,922
PMC4956681.txt,755,932
PMC4956681.txt,756,936
PMC4956681.txt,757,418
PMC4956681.txt,758,864
PMC4956681.txt,759,410
PMC4956681.txt,760,953
PMC4956681.txt,761,943
PMC4956681.txt,762,925
PMC4956681.txt,763,981
PMC4956681.txt,764,899
PMC4956681.txt,765,826
PMC4956681.txt,766,623
PMC4956681.txt,767,864
PMC4956681.txt,768,579
PMC4956681.txt,769,992
PMC4956681.txt,770,107
PMC4956681.txt,771,864
PMC4956681.txt,772,154
PMC4956681.txt,773,932
PMC4956681.txt,774,851
PMC4956681.txt,775,620
PMC4956681.txt,776,864
PMC4956681.txt,777,243
PMC4956681.txt,778,898
PMC4956681.txt,779,728
PMC4956681.txt,780,833
PMC4956681.txt,781,948
PMC4956681.txt,782,943
PMC4956681.txt,783,181
PMC4956681.txt,784,864
PMC4956681.txt,785,600
PMC4956681.txt,786,757
PMC4956681.txt,787,864
PMC4956681.txt,788,524
PMC4956681.txt,789,813
PMC4956681.txt,790,864
PMC4956681.txt,791,860
PMC4956681.txt,792,551
PMC4956681.txt,793,768
PMC4956681.txt,794,555
PMC4956681.txt,795,860
PMC4956681.txt,796,976
PMC4956681.txt,798,819
PMC4956681.txt,799,860
PMC4956681.txt,800,712
PMC4956681.txt,801,806
PMC4956681.txt,802,776
PMC4956681.txt,803,451
PMC4956681.txt,804,860
PMC4956681.txt,805,575
PMC4956681.txt,806,727
PMC4956681.txt,807,860
PMC4956681.txt,808,989
PMC4956681.txt,809,855
PMC4956681.txt,810,489
PMC4956681.txt,811,989
PMC4956681.txt,812,801
PMC4956681.txt,813,899
PMC4956681.txt,814,947
PMC4956681.txt,815,989
PMC4956681.txt,816,576
PMC4956681.txt,817,899
PMC4956681.txt,818,934
PMC4956681.txt,819,133
PMC4956681.txt,820,989
PMC4956681.txt,822,251
PMC4956681.txt,823,980
PMC4956681.txt,824,989
PMC4956681.txt,826,442
PMC4956681.txt,827,889
PMC4956681.txt,828,829
PMC4956681.txt,829,905
PMC4956681.txt,830,815
PMC4956681.txt,831,594
PMC4956681.txt,832,589
PMC4956681.txt,833,989
PMC4956681.txt,835,954
PMC4956681.txt,836,960
PMC4956681.txt,837,976
PMC4956681.txt,838,993
PMC4956681.txt,839,692
PMC4956681.txt,840,991
PMC4956681.txt,841,974
PMC4956681.txt,842,799
PMC4956681.txt,843,989
PMC11885194.txt,844,1001
PMC11885194.txt,845,972
PMC11885194.txt,847,818
PMC11885194.txt,848,430
PMC11885194.txt,849,972
PMC11885194.txt,851,968
PMC11885194.txt,852,169
PMC11885194.txt,853,972
PMC11885194.txt,854,103
PMC11885194.txt,855,916
PMC11885194.txt,856,836
PMC11885194.txt,857,545
PMC11885194.txt,858,962
PMC11885194.txt,859,976
PMC11885194.txt,860,990
PMC11885194.txt,861,968
PMC11885194.txt,862,972
PMC11885194.txt,864,996
PMC11885194.txt,865,904
PMC11885194.txt,866,970
PMC11885194.txt,867,846
PMC11885194.txt,868,999
PMC11885194.txt,869,793
PMC11885194.txt,870,830
PMC11885194.txt,871,972
PMC11885194.txt,873,1005
PMC11885194.txt,874,818
PMC11885194.txt,875,464
PMC11885194.txt,876,972
PMC5540357.txt,879,1062
PMC5540357.txt,880,834
PMC5540357.txt,881,600
PMC5540357.txt,882,211
PMC5540357.txt,883,862
PMC5540357.txt,884,129
PMC5540357.txt,885,784
PMC5540357.txt,886,886
PMC5540357.txt,887,727
PMC5540357.txt,888,862
PMC5540357.txt,889,756
PMC5540357.txt,890,800
PMC5540357.txt,891,933
PMC5540357.txt,892,528
PMC5540357.txt,893,650
PMC5540357.txt,894,677
PMC5540357.txt,895,586
PMC5540357.txt,897,1046
PMC5540357.txt,898,249
PMC5540357.txt,899,586
PMC5540357.txt,900,681
PMC5540357.txt,901,790
PMC5540357.txt,902,979
PMC5540357.txt,903,926
PMC5540357.txt,904,744
PMC5540357.txt,905,570
PMC5540357.txt,906,685
PMC5540357.txt,907,948
PMC5540357.txt,908,607
PMC5540357.txt,910,959
PMC5540357.txt,911,165
PMC5540357.txt,912,607
PMC5540357.txt,913,459
PMC5540357.txt,914,659
PMC5540357.txt,916,977
PMC5540357.txt,917,384
PMC5540357.txt,918,943
PMC5540357.txt,919,325
PMC5540357.txt,921,953
PMC5540357.txt,922,351
PMC5540357.txt,923,940
PMC5540357.txt,924,823
PMC5540357.txt,925,803
PMC5540357.txt,926,484
PMC5540357.txt,927,546
PMC5540357.txt,928,870
PMC5540357.txt,929,830
PMC5540357.txt,930,523
PMC5540357.txt,932,1065
PMC5540357.txt,933,713
PMC5540357.txt,934,523
PMC5540357.txt,935,599
PMC5540357.txt,936,894
PMC5540357.txt,937,684
PMC5540357.txt,938,908
PMC5540357.txt,939,611
PMC5540357.txt,941,1040
PMC5540357.txt,942,992
PMC5540357.txt,943,261
PMC5540357.txt,944,620
PMC5540357.txt,945,611
PMC5540357.txt,946,694
PMC5540357.txt,947,526
PMC5540357.txt,948,715
PMC5540357.txt,950,1066
PMC5540357.txt,951,715
PMC5540357.txt,952,299
PMC5540357.txt,954,1062
PMC5540357.txt,955,976
PMC5540357.txt,956,361
PMC5540357.txt,957,299
PMC5540357.txt,959,1069
PMC5540357.txt,960,245
PMC5540357.txt,961,299
PMC5540357.txt,962,796
PMC5540357.txt,963,521
PMC5540357.txt,964,985
PMC5540357.txt,966,958
PMC5540357.txt,967,627
PMC5540357.txt,968,985
PMC5540357.txt,969,831
PMC5540357.txt,970,737
PMC5540357.txt,971,149
PMC5540357.txt,972,777
PMC5540357.txt,973,747
PMC5540357.txt,974,337
PMC5540357.txt,975,737
PMC5540357.txt,976,683
PMC5540357.txt,977,883
PMC5540357.txt,978,994
PMC5540357.txt,979,703
PMC5540357.txt,980,862
PMC5540357.txt,981,129
PMC5540357.txt,982,784
PMC5540357.txt,983,886
PMC5540357.txt,984,732
PMC5540357.txt,985,862
PMC5540357.txt,986,756
PMC5540357.txt,988,911
PMC5540357.txt,989,946
PMC5540357.txt,990,648
PMC5540357.txt,991,756
PMC5540357.txt,993,812
PMC5540357.txt,994,765
PMC5540357.txt,995,997
PMC5540357.txt,996,883
PMC5540357.txt,997,733
PMC5540357.txt,998,756
PMC5540357.txt,1000,887
PMC5540357.txt,1001,956
PMC5540357.txt,1002,973
PMC5540357.txt,1003,960
PMC5540357.txt,1004,854
PMC5540357.txt,1005,756
PMC5540357.txt,1007,761
PMC5540357.txt,1008,998
PMC5540357.txt,1009,1000
PMC5540357.txt,1010,998
PMC5540357.txt,1011,854
PMC5540357.txt,1012,982
PMC5540357.txt,1013,924
PMC5540357.txt,1014,914
PMC5540357.txt,1015,875
PMC5540357.txt,1016,906
PMC5540357.txt,1017,901
PMC5540357.txt,1018,353
PMC5540357.txt,1019,756
PMC5540357.txt,1020,691
PMC5540357.txt,1022,1017
PMC5540357.txt,1023,841
PMC5540357.txt,1024,906
PMC5540357.txt,1025,800
PMC5540357.txt,1026,933
PMC5540357.txt,1027,528
PMC5540357.txt,1029,898
PMC5540357.txt,1030,318
PMC5540357.txt,1031,528
PMC5540357.txt,1033,1026
PMC5540357.txt,1034,891
PMC5540357.txt,1035,823
PMC5540357.txt,1036,528
PMC5540357.txt,1037,764
PMC5540357.txt,1039,895
PMC5540357.txt,1040,876
PMC5540357.txt,1041,451
PMC5540357.txt,1042,974
PMC5540357.txt,1043,966
PMC5540357.txt,1044,825
PMC5540357.txt,1045,870
PMC5540357.txt,1046,621
PMC5540357.txt,1047,986
PMC5540357.txt,1048,816
PMC5540357.txt,1049,717
PMC5540357.txt,1050,983
PMC5540357.txt,1051,864
PMC5540357.txt,1052,740
PMC5540357.txt,1053,927
PMC5540357.txt,1054,524
PMC5540357.txt,1055,764
PMC5540357.txt,1057,940
PMC5540357.txt,1058,668
PMC5540357.txt,1059,764
PMC5540357.txt,1061,988
PMC5540357.txt,1062,786
PMC5540357.txt,1063,712
PMC5540357.txt,1064,764
PMC5540357.txt,1066,877
PMC5540357.txt,1067,842
PMC5540357.txt,1068,764
PMC5540357.txt,1069,921
PMC5540357.txt,1070,677
PMC5540357.txt,1072,1000
PMC5540357.txt,1073,455
PMC5540357.txt,1074,677
PMC5540357.txt,1076,920
PMC5540357.txt,1077,661
PMC5540357.txt,1078,677
PMC5540357.txt,1079,102
PMC5540357.txt,1080,817
PMC5540357.txt,1081,875
PMC5540357.txt,1082,968
PMC5540357.txt,1083,719
PMC5540357.txt,1084,677
PMC5540357.txt,1085,132
PMC5540357.txt,1086,934
PMC5540357.txt,1087,958
PMC5540357.txt,1088,677
PMC5540357.txt,1089,125
PMC5540357.txt,1090,856
PMC5540357.txt,1091,715
PMC5540357.txt,1092,677
PMC5540357.txt,1094,973
PMC5540357.txt,1095,372
PMC5540357.txt,1096,677
PMC5540357.txt,1097,778
PMC5540357.txt,1098,768
PMC5540357.txt,1100,984
PMC5540357.txt,1101,125
PMC5540357.txt,1102,768
PMC5540357.txt,1104,1052
PMC5540357.txt,1105,926
PMC5540357.txt,1106,943
PMC5540357.txt,1107,1000
PMC5540357.txt,1108,667
PMC5540357.txt,1109,768
PMC5540357.txt,1110,111
PMC5540357.txt,1111,616
PMC5540357.txt,1112,618
PMC5540357.txt,1113,956
PMC5540357.txt,1114,968
PMC5540357.txt,1115,799
PMC5540357.txt,1116,854
PMC5540357.txt,1117,768
PMC5540357.txt,1118,595
PMC5540357.txt,1119,451
PMC5540357.txt,1121,1046
PMC5540357.txt,1122,249
PMC5540357.txt,1123,451
PMC5540357.txt,1124,681
PMC5540357.txt,1125,339
PMC5540357.txt,1127,915
PMC5540357.txt,1128,977
PMC5540357.txt,1129,1000
PMC5540357.txt,1130,991
PMC5540357.txt,1131,969
PMC5540357.txt,1132,709
PMC5540357.txt,1133,339
PMC5540357.txt,1135,979
PMC5540357.txt,1136,680
PMC5540357.txt,1137,339
PMC5540357.txt,1139,964
PMC5540357.txt,1140,902
PMC5540357.txt,1141,865
PMC5540357.txt,1142,950
PMC5540357.txt,1143,945
PMC5540357.txt,1144,972
PMC5540357.txt,1145,858
PMC5540357.txt,1146,934
PMC5540357.txt,1147,339
PMC5540357.txt,1149,959
PMC5540357.txt,1150,895
PMC5540357.txt,1151,705
PMC5540357.txt,1152,927
PMC5540357.txt,1153,319
PMC5540357.txt,1154,339
PMC5540357.txt,1156,1027
PMC5540357.txt,1157,931
PMC5540357.txt,1158,999
PMC5540357.txt,1159,767
PMC5540357.txt,1160,294
PMC5540357.txt,1161,339
PMC5540357.txt,1163,994
PMC5540357.txt,1164,471
PMC5540357.txt,1165,339
PMC5540357.txt,1167,983
PMC5540357.txt,1168,978
PMC5540357.txt,1169,342
PMC5540357.txt,1170,645
PMC5540357.txt,1171,840
PMC5540357.txt,1172,418
PMC5540357.txt,1173,947
PMC5540357.txt,1175,785
PMC5540357.txt,1176,940
PMC5540357.txt,1177,899
PMC5540357.txt,1178,947
PMC5540357.txt,1179,563
PMC5540357.txt,1181,917
PMC5540357.txt,1182,433
PMC5540357.txt,1183,563
PMC5540357.txt,1184,982
PMC5540357.txt,1185,702
PMC5540357.txt,1186,106
PMC5540357.txt,1187,893
PMC5540357.txt,1188,831
PMC5540357.txt,1189,812
PMC5540357.txt,1190,702
PMC5540357.txt,1191,110
PMC5540357.txt,1192,939
PMC5540357.txt,1193,832
PMC5540357.txt,1194,702
PMC5540357.txt,1196,940
PMC5540357.txt,1197,893
PMC5540357.txt,1198,651
PMC5540357.txt,1199,702
PMC5540357.txt,1200,571
PMC5540357.txt,1201,805
PMC5540357.txt,1203,1040
PMC5540357.txt,1204,581
PMC5540357.txt,1205,984
PMC5540357.txt,1206,771
PMC5540357.txt,1207,402
PMC5540357.txt,1208,805
PMC5540357.txt,1210,1019
PMC5540357.txt,1211,983
PMC5540357.txt,1212,975
PMC5540357.txt,1213,965
PMC5540357.txt,1214,898
PMC5540357.txt,1215,1000
PMC5540357.txt,1216,805
PMC5540357.txt,1218,1016
PMC5540357.txt,1219,938
PMC5540357.txt,1220,162
PMC5540357.txt,1221,805
PMC5540357.txt,1222,617
PMC5540357.txt,1223,894
PMC5540357.txt,1225,1020
PMC5540357.txt,1226,493
PMC5540357.txt,1227,894
PMC5540357.txt,1228,540
PMC5540357.txt,1229,106
PMC5540357.txt,1230,889
PMC5540357.txt,1231,765
PMC5540357.txt,1232,540
PMC5540357.txt,1233,781
PMC5540357.txt,1234,524
PMC5540357.txt,1236,1077
PMC5540357.txt,1237,559
PMC5540357.txt,1238,862
PMC5540357.txt,1239,913
PMC5540357.txt,1240,684
PMC5540357.txt,1241,863
PMC5540357.txt,1242,385
PMC5540357.txt,1244,1022
PMC5540357.txt,1245,910
PMC5540357.txt,1246,877
PMC5540357.txt,1247,913
PMC5540357.txt,1248,632
PMC5540357.txt,1249,385
PMC5540357.txt,1251,941
PMC5540357.txt,1252,900
PMC5540357.txt,1253,265
PMC5540357.txt,1254,952
PMC5540357.txt,1255,685
PMC5540357.txt,1256,570
PMC5540357.txt,1257,685
PMC5540357.txt,1258,674
PMC5540357.txt,1260,1023
PMC5540357.txt,1261,946
PMC5540357.txt,1262,920
PMC5540357.txt,1263,674
PMC5540357.txt,1265,852
PMC5540357.txt,1266,900
PMC5540357.txt,1267,967
PMC5540357.txt,1268,674
PMC5540357.txt,1270,1031
PMC5540357.txt,1271,873
PMC5540357.txt,1272,967
PMC5540357.txt,1273,586
PMC5540357.txt,1274,674
PMC5540357.txt,1276,1078
PMC5540357.txt,1277,650
PMC5540357.txt,1278,674
PMC5540357.txt,1279,112
PMC5540357.txt,1280,898
PMC5540357.txt,1281,938
PMC5540357.txt,1282,865
PMC5540357.txt,1283,648
PMC5540357.txt,1284,674
PMC5540357.txt,1286,1040
PMC5540357.txt,1287,443
PMC5540357.txt,1288,674
PMC5540357.txt,1289,871
PMC5540357.txt,1290,881
PMC5540357.txt,1292,967
PMC5540357.txt,1293,165
PMC5540357.txt,1294,881
PMC5540357.txt,1295,459
PMC5540357.txt,1296,659
PMC5540357.txt,1298,1035
PMC5540357.txt,1299,865
PMC5540357.txt,1300,924
PMC5540357.txt,1301,990
PMC5540357.txt,1302,534
PMC5540357.txt,1303,659
PMC5540357.txt,1305,904
PMC5540357.txt,1306,826
PMC5540357.txt,1307,771
PMC5540357.txt,1308,721
PMC5540357.txt,1309,789
PMC5540357.txt,1310,400
PMC5540357.txt,1311,659
PMC5540357.txt,1313,909
PMC5540357.txt,1314,920
PMC5540357.txt,1315,855
PMC5540357.txt,1316,993
PMC5540357.txt,1317,984
PMC5540357.txt,1318,261
PMC5540357.txt,1319,659
PMC5540357.txt,1321,928
PMC5540357.txt,1322,714
PMC5540357.txt,1323,659
PMC5540357.txt,1325,957
PMC5540357.txt,1326,818
PMC5540357.txt,1327,746
PMC5540357.txt,1328,659
PMC5540357.txt,1330,1033
PMC5540357.txt,1331,929
PMC5540357.txt,1332,588
PMC5540357.txt,1333,659
PMC5540357.txt,1334,872
PMC5540357.txt,1336,977
PMC5540357.txt,1337,384
PMC5540357.txt,1338,872
PMC5540357.txt,1339,284
PMC5540357.txt,1341,908
PMC5540357.txt,1342,868
PMC5540357.txt,1343,823
PMC5540357.txt,1344,596
PMC5540357.txt,1345,942
PMC5540357.txt,1346,284
PMC5540357.txt,1348,995
PMC5540357.txt,1349,572
PMC5540357.txt,1350,284
PMC5540357.txt,1352,1002
PMC5540357.txt,1353,978
PMC5540357.txt,1354,422
PMC5540357.txt,1355,284
PMC5540357.txt,1357,993
PMC5540357.txt,1358,961
PMC5540357.txt,1359,284
PMC5540357.txt,1361,942
PMC5540357.txt,1362,972
PMC5540357.txt,1363,603
PMC5540357.txt,1364,996
PMC5540357.txt,1365,826
PMC5540357.txt,1366,519
PMC5540357.txt,1367,284
PMC5540357.txt,1369,1018
PMC5540357.txt,1370,369
PMC5540357.txt,1371,284
PMC5540357.txt,1373,1011
PMC5540357.txt,1374,717
PMC5540357.txt,1375,284
PMC5540357.txt,1377,947
PMC5540357.txt,1378,908
PMC5540357.txt,1379,818
PMC5540357.txt,1380,225
PMC5540357.txt,1381,284
PMC5540357.txt,1383,486
PMC5540357.txt,1384,993
PMC5540357.txt,1385,359
PMC5540357.txt,1386,922
PMC5540357.txt,1387,920
PMC5540357.txt,1388,345
PMC5540357.txt,1389,284
PMC5540357.txt,1390,987
PMC5540357.txt,1392,877
PMC5540357.txt,1393,985
PMC5540357.txt,1394,873
PMC5540357.txt,1395,853
PMC5540357.txt,1396,893
PMC5540357.txt,1397,960
PMC5540357.txt,1398,979
PMC5540357.txt,1399,359
PMC5540357.txt,1400,987
PMC5540357.txt,1402,383
PMC5540357.txt,1403,948
PMC5540357.txt,1404,728
PMC5540357.txt,1405,987
PMC5540357.txt,1407,735
PMC5540357.txt,1408,942
PMC5540357.txt,1409,411
PMC5540357.txt,1410,987
PMC5540357.txt,1412,769
PMC5540357.txt,1413,598
PMC5540357.txt,1414,987
PMC5540357.txt,1415,542
PMC5540357.txt,1417,953
PMC5540357.txt,1418,351
PMC5540357.txt,1419,542
PMC5540357.txt,1420,647
PMC5540357.txt,1422,824
PMC5540357.txt,1423,651
PMC5540357.txt,1424,647
PMC5540357.txt,1425,788
PMC5540357.txt,1427,1065
PMC5540357.txt,1428,721
PMC5540357.txt,1429,682
PMC5540357.txt,1430,784
PMC5540357.txt,1431,788
PMC5540357.txt,1433,1006
PMC5540357.txt,1434,709
PMC5540357.txt,1435,962
PMC5540357.txt,1436,314
PMC5540357.txt,1437,788
PMC5540357.txt,1439,610
PMC5540357.txt,1440,758
PMC5540357.txt,1441,781
PMC5540357.txt,1442,496
PMC5540357.txt,1443,788
PMC5540357.txt,1445,950
PMC5540357.txt,1446,734
PMC5540357.txt,1447,788
PMC5540357.txt,1448,965
PMC5540357.txt,1449,792
PMC5540357.txt,1450,646
PMC5540357.txt,1451,803
PMC5540357.txt,1453,935
PMC5540357.txt,1454,941
PMC5540357.txt,1455,954
PMC5540357.txt,1456,894
PMC5540357.txt,1457,406
PMC5540357.txt,1458,803
PMC5540357.txt,1460,949
PMC5540357.txt,1461,861
PMC5540357.txt,1462,326
PMC5540357.txt,1463,803
PMC5540357.txt,1465,937
PMC5540357.txt,1466,878
PMC5540357.txt,1467,950
PMC5540357.txt,1468,925
PMC5540357.txt,1469,803
PMC5540357.txt,1471,884
PMC5540357.txt,1472,909
PMC5540357.txt,1473,677
PMC5540357.txt,1474,872
PMC5540357.txt,1475,287
PMC5540357.txt,1476,803
PMC5540357.txt,1478,931
PMC5540357.txt,1479,816
PMC5540357.txt,1480,803
PMC5540357.txt,1481,826
PMC5540357.txt,1482,813
PMC5540357.txt,1483,855
PMC5540357.txt,1485,805
PMC5540357.txt,1486,551
PMC5540357.txt,1487,855
PMC5540357.txt,1488,554
PMC5540357.txt,1490,994
PMC5540357.txt,1491,675
PMC5540357.txt,1492,807
PMC5540357.txt,1493,982
PMC5540357.txt,1494,846
PMC5540357.txt,1496,962
PMC5540357.txt,1497,796
PMC5540357.txt,1498,942
PMC5540357.txt,1499,993
PMC5540357.txt,1500,848
PMC5540357.txt,1501,950
PMC5540357.txt,1502,786
PMC5540357.txt,1503,846
PMC5540357.txt,1505,876
PMC5540357.txt,1506,566
PMC5540357.txt,1507,846
PMC5540357.txt,1508,934
PMC5540357.txt,1509,279
PMC5540357.txt,1510,989
PMC5540357.txt,1511,286
PMC5540357.txt,1513,849
PMC5540357.txt,1514,911
PMC5540357.txt,1515,401
PMC5540357.txt,1516,570
PMC5540357.txt,1518,1017
PMC5540357.txt,1519,570
PMC5540357.txt,1520,704
PMC5540357.txt,1521,611
PMC5540357.txt,1522,598
PMC5540357.txt,1523,144
PMC5540357.txt,1524,947
PMC5540357.txt,1525,695
PMC5540357.txt,1526,998
PMC5540357.txt,1527,598
PMC5540357.txt,1528,425
PMC5540357.txt,1529,135
PMC5540357.txt,1530,982
PMC5540357.txt,1531,979
PMC5540357.txt,1532,878
PMC5540357.txt,1533,980
PMC5540357.txt,1534,803
PMC5540357.txt,1535,425
PMC5540357.txt,1536,116
PMC5540357.txt,1537,955
PMC5540357.txt,1538,974
PMC5540357.txt,1539,881
PMC5540357.txt,1540,467
PMC5540357.txt,1541,425
PMC5540357.txt,1542,138
PMC5540357.txt,1543,934
PMC5540357.txt,1544,902
PMC5540357.txt,1545,892
PMC5540357.txt,1546,157
PMC5540357.txt,1547,425
PMC5540357.txt,1549,702
PMC5540357.txt,1550,909
PMC5540357.txt,1551,536
PMC5540357.txt,1552,425
PMC5540357.txt,1554,965
PMC5540357.txt,1555,912
PMC5540357.txt,1556,293
PMC5540357.txt,1557,425
PMC5540357.txt,1558,752
PMC5540357.txt,1560,999
PMC5540357.txt,1561,804
PMC5540357.txt,1562,752
PMC5540357.txt,1563,541
PMC5540357.txt,1564,613
PMC5540357.txt,1566,954
PMC5540357.txt,1567,608
PMC5540357.txt,1568,613
PMC5540357.txt,1569,583
PMC5540357.txt,1570,813
PMC5540357.txt,1571,384
PMC5540357.txt,1572,864
PMC5540357.txt,1574,950
PMC5540357.txt,1575,417
PMC5540357.txt,1576,864
PMC5540357.txt,1577,927
PMC5540357.txt,1578,959
PMC5540357.txt,1579,152
PMC5540357.txt,1580,984
PMC5540357.txt,1581,959
PMC5540357.txt,1583,1049
PMC5540357.txt,1584,923
PMC5540357.txt,1585,866
PMC5540357.txt,1586,945
PMC5540357.txt,1587,959
PMC5540357.txt,1588,370
PMC5540357.txt,1590,970
PMC5540357.txt,1591,787
PMC5540357.txt,1592,912
PMC5540357.txt,1593,276
PMC5540357.txt,1594,899
PMC5540357.txt,1595,871
PMC5540357.txt,1597,988
PMC5540357.txt,1598,922
PMC5540357.txt,1599,298
PMC5540357.txt,1600,871
PMC5540357.txt,1602,1010
PMC5540357.txt,1603,359
PMC5540357.txt,1604,871
PMC5540357.txt,1605,385
PMC5540357.txt,1606,878
PMC5540357.txt,1607,599
PMC5540357.txt,1608,894
PMC5540357.txt,1609,684
PMC5540357.txt,1611,1032
PMC5540357.txt,1612,997
PMC5540357.txt,1613,952
PMC5540357.txt,1614,684
PMC5540357.txt,1616,863
PMC5540357.txt,1617,882
PMC5540357.txt,1618,773
PMC5540357.txt,1619,809
PMC5540357.txt,1620,364
PMC5540357.txt,1621,684
PMC5540357.txt,1623,828
PMC5540357.txt,1624,720
PMC5540357.txt,1625,899
PMC5540357.txt,1626,442
PMC5540357.txt,1627,684
PMC5540357.txt,1628,674
PMC5540357.txt,1630,1072
PMC5540357.txt,1631,994
PMC5540357.txt,1632,651
PMC5540357.txt,1633,674
PMC5540357.txt,1635,776
PMC5540357.txt,1636,923
PMC5540357.txt,1637,674
PMC5540357.txt,1639,890
PMC5540357.txt,1640,335
PMC5540357.txt,1641,674
PMC5540357.txt,1643,811
PMC5540357.txt,1644,493
PMC5540357.txt,1645,977
PMC5540357.txt,1646,642
PMC5540357.txt,1647,674
PMC5540357.txt,1649,953
PMC5540357.txt,1650,978
PMC5540357.txt,1651,663
PMC5540357.txt,1652,674
PMC5540357.txt,1654,961
PMC5540357.txt,1655,943
PMC5540357.txt,1656,883
PMC5540357.txt,1657,933
PMC5540357.txt,1658,856
PMC5540357.txt,1659,926
PMC5540357.txt,1660,380
PMC5540357.txt,1661,674
PMC5540357.txt,1663,774
PMC5540357.txt,1664,968
PMC5540357.txt,1665,879
PMC5540357.txt,1666,883
PMC5540357.txt,1667,946
PMC5540357.txt,1668,598
PMC5540357.txt,1669,674
PMC5540357.txt,1671,937
PMC5540357.txt,1672,854
PMC5540357.txt,1673,751
PMC5540357.txt,1674,674
PMC5540357.txt,1676,805
PMC5540357.txt,1677,941
PMC5540357.txt,1678,158
PMC5540357.txt,1679,674
PMC6681143.txt,1680,403
PMC6681143.txt,1682,937
PMC6681143.txt,1683,721
PMC6681143.txt,1684,690
PMC6681143.txt,1685,712
PMC6681143.txt,1686,934
PMC11224558.txt,1687,829
PMC11224558.txt,1688,700
PMC11224558.txt,1689,833
PMC11224558.txt,1690,956
PMC11224558.txt,1691,760
PMC11224558.txt,1693,1018
PMC11224558.txt,1694,760
PMC11224558.txt,1695,734
PMC12574511.txt,1696,104
PMC12574511.txt,1697,939
PMC12574511.txt,1698,790
PMC12574511.txt,1699,1001
PMC12574511.txt,1701,926
PMC12574511.txt,1702,970
PMC12574511.txt,1703,921
PMC12574511.txt,1704,842
PMC12574511.txt,1705,206
PMC12574511.txt,1706,1001
PMC12574511.txt,1707,881
PMC12574511.txt,1708,816
PMC12574511.txt,1709,646
PMC12574511.txt,1710,260
PMC12574511.txt,1711,822
PMC12574511.txt,1712,953
PMC12574511.txt,1713,646
PMC12574511.txt,1714,272
PMC12574511.txt,1715,977
PMC12574511.txt,1716,943
PMC12574511.txt,1717,646
PMC12574511.txt,1718,222
PMC12574511.txt,1719,838
PMC12574511.txt,1720,925
PMC12574511.txt,1721,336
PMC12574511.txt,1722,646
PMC12574511.txt,1723,188
PMC12574511.txt,1724,829
PMC12574511.txt,1725,859
PMC12574511.txt,1726,646
PMC12574511.txt,1727,230
PMC12574511.txt,1728,997
PMC12574511.txt,1729,837
PMC12574511.txt,1730,558
PMC12574511.txt,1731,646
PMC12574511.txt,1732,212
PMC12574511.txt,1733,873
PMC12574511.txt,1734,646
PMC12574511.txt,1735,252
PMC12574511.txt,1736,847
PMC12574511.txt,1737,825
PMC12574511.txt,1738,646
PMC12574511.txt,1739,183
PMC12574511.txt,1740,979
PMC12574511.txt,1741,801
PMC12574511.txt,1742,646
PMC12574511.txt,1743,225
PMC12574511.txt,1744,989
PMC12574511.txt,1745,930
PMC12574511.txt,1746,646
PMC12574511.txt,1747,334
PMC12574511.txt,1748,867
PMC12574511.txt,1749,850
PMC12574511.txt,1750,646
PMC12574511.txt,1751,319
PMC12574511.txt,1752,989
PMC12574511.txt,1753,719
PMC12574511.txt,1754,646
PMC12574511.txt,1755,325
PMC12574511.txt,1756,626
PMC12574511.txt,1757,855
PMC12574511.txt,1758,356
PMC12574511.txt,1759,646
PMC12574511.txt,1760,198
PMC12574511.txt,1761,898
PMC12574511.txt,1762,983
PMC12574511.txt,1763,891
PMC12574511.txt,1764,824
PMC12574511.txt,1765,646
PMC12574511.txt,1766,258
PMC12574511.txt,1767,922
PMC12574511.txt,1768,941
PMC12574511.txt,1769,942
PMC12574511.txt,1770,885
PMC12574511.txt,1771,444
PMC12574511.txt,1772,646
PMC12574511.txt,1773,257
PMC12574511.txt,1774,803
PMC12574511.txt,1775,946
PMC12574511.txt,1776,148
PMC12574511.txt,1777,646
PMC12574511.txt,1778,251
PMC12574511.txt,1779,995
PMC12574511.txt,1780,902
PMC12574511.txt,1781,646
PMC12574511.txt,1782,260
PMC12574511.txt,1783,892
PMC12574511.txt,1784,926
PMC12574511.txt,1785,294
PMC12574511.txt,1786,646
PMC12574511.txt,1787,286
PMC12574511.txt,1788,873
PMC12574511.txt,1789,605
PMC12574511.txt,1790,646
PMC12574511.txt,1791,375
PMC12574511.txt,1792,874
PMC12574511.txt,1793,874
PMC12574511.txt,1794,646
PMC12574511.txt,1795,307
PMC12574511.txt,1796,829
PMC12574511.txt,1797,855
PMC12574511.txt,1798,646
PMC12574511.txt,1799,264
PMC12574511.txt,1800,978
PMC12574511.txt,1801,786
PMC12574511.txt,1802,646
PMC12574511.txt,1803,259
PMC12574511.txt,1804,996
PMC12574511.txt,1805,924
PMC12574511.txt,1806,646
PMC12574511.txt,1807,278
PMC12574511.txt,1808,992
PMC12574511.txt,1809,564
PMC12574511.txt,1810,646
PMC12574511.txt,1811,983
PMC12574511.txt,1812,183
PMC12574511.txt,1813,965
PMC12574511.txt,1814,544
PMC12574511.txt,1815,983
PMC12574511.txt,1816,309
PMC12574511.txt,1817,988
PMC12574511.txt,1818,1000
PMC12574511.txt,1819,954
PMC12574511.txt,1820,881
PMC12574511.txt,1821,902
PMC12574511.txt,1822,165
PMC12574511.txt,1823,983
PMC12574511.txt,1824,388
PMC12574511.txt,1825,892
PMC12574511.txt,1826,505
PMC12574511.txt,1827,983
PMC12574511.txt,1828,34
PMC11744056.txt,1829,924
PMC11744056.txt,1830,569
PMC11744056.txt,1831,936
PMC11744056.txt,1832,259
PMC11744056.txt,1834,952
PMC11744056.txt,1835,978
PMC11744056.txt,1836,759
PMC11744056.txt,1837,986
PMC11744056.txt,1838,702
PMC11744056.txt,1840,828
PMC11744056.txt,1841,519
PMC11744056.txt,1842,917
PMC11744056.txt,1843,730
PMC11744056.txt,1845,971
PMC11744056.txt,1846,126
PMC11744056.txt,1847,730
PMC11744056.txt,1848,716
PMC11744056.txt,1849,954
PMC7274637.txt,1850,117
PMC7274637.txt,1852,863
PMC7274637.txt,1853,761
PMC7274637.txt,1854,117
PMC7274637.txt,1856,783
PMC7274637.txt,1857,541
PMC7274637.txt,1858,1001
PMC7274637.txt,1859,929
PMC7274637.txt,1861,1056
PMC7274637.txt,1862,447
PMC7274637.txt,1863,705
PMC7274637.txt,1864,917
PMC7274637.txt,1865,932
PMC7274637.txt,1866,488
PMC7274637.txt,1867,929
PMC7274637.txt,1869,1073
PMC7274637.txt,1870,831
PMC7274637.txt,1871,689
PMC7274637.txt,1872,929
PMC7274637.txt,1873,220
PMC7274637.txt,1874,109
PMC7274637.txt,1875,916
PMC7274637.txt,1876,595
PMC7274637.txt,1877,220
PMC7274637.txt,1878,109
PMC7274637.txt,1879,836
PMC7274637.txt,1880,540
PMC7274637.txt,1881,716
PMC7274637.txt,1882,234
PMC7274637.txt,1883,884
PMC7274637.txt,1884,479
PMC7274637.txt,1885,716
PMC7274637.txt,1886,703
PMC7274637.txt,1887,355
PMC7274637.txt,1888,893
PMC7274637.txt,1889,898
PMC7274637.txt,1891,887
PMC7274637.txt,1892,643
PMC7274637.txt,1893,985
PMC11885198.txt,1894,878
PMC11885198.txt,1895,681
PMC11885198.txt,1897,833
PMC11885198.txt,1898,896
PMC11885198.txt,1899,989
PMC11885198.txt,1900,204
PMC11885198.txt,1901,893
PMC11885198.txt,1902,535
PMC11885198.txt,1903,501
PMC11885198.txt,1905,505
PMC11885198.txt,1906,724
PMC11885198.txt,1907,501
PMC11885198.txt,1909,851
PMC11885198.txt,1910,795
PMC11885198.txt,1911,501
PMC11885198.txt,1913,934
PMC11885198.txt,1914,786
PMC11885198.txt,1915,849
PMC11885198.txt,1916,477
PMC11885198.txt,1917,934
PMC11885198.txt,1918,823
PMC11885198.txt,1919,115
PMC11885198.txt,1920,529
PMC11885198.txt,1921,662
PMC11885198.txt,1922,823
PMC11885198.txt,1923,192
PMC11885198.txt,1925,1047
PMC11885198.txt,1926,992
PMC11885198.txt,1927,192
PMC11885198.txt,1929,1016
PMC11885198.txt,1930,192
PMC11885198.txt,1932,997
PMC11885198.txt,1933,289
PMC11885198.txt,1934,524
PMC11885198.txt,1936,863
PMC11885198.txt,1937,926
PMC11885198.txt,1938,448
PMC11885198.txt,1939,524
PMC11885198.txt,1941,1016
PMC11885198.txt,1942,399
PMC11885198.txt,1943,911
PMC11885198.txt,1945,635
PMC11885198.txt,1946,988
PMC11885198.txt,1947,911
PMC11885198.txt,1948,602
PMC11885198.txt,1949,514
PMC11885198.txt,1951,962
PMC11885198.txt,1952,749
PMC11885198.txt,1953,514
PMC11885198.txt,1954,593
PMC11885198.txt,1956,1023
PMC11885198.txt,1957,923
PMC11885198.txt,1958,319
PMC11885198.txt,1959,593
PMC11885198.txt,1961,1015
PMC11885198.txt,1962,830
PMC11885198.txt,1963,593
PMC11885198.txt,1964,828
PMC11885198.txt,1965,867
PMC11885198.txt,1966,571
PMC11885198.txt,1967,603
PMC11885198.txt,1968,578
PMC11885198.txt,1969,928
PMC11885198.txt,1971,810
PMC11885198.txt,1972,708
PMC11885198.txt,1973,928
PMC11885198.txt,1974,828
PMC11885198.txt,1975,124
PMC11885198.txt,1976,991
PMC11885198.txt,1978,893
PMC11885198.txt,1979,354
PMC11885198.txt,1980,666
PMC11885198.txt,1981,713
PMC11885198.txt,1983,940
PMC11885198.txt,1984,588
PMC11885198.txt,1985,713
PMC12338406.txt,1986,984
PMC12338406.txt,1988,995
PMC12338406.txt,1989,251
PMC12338406.txt,1990,984
PMC12338406.txt,1991,675
PMC12338406.txt,1992,519
PMC12338406.txt,1994,902
PMC12338406.txt,1995,917
PMC12338406.txt,1996,792
PMC12338406.txt,1997,781
PMC12338406.txt,1998,721
PMC12338406.txt,1999,997
PMC12338406.txt,2000,969
PMC12338406.txt,2001,993
PMC12338406.txt,2002,812
PMC12338406.txt,2003,984
PMC12338406.txt,2004,972
PMC12338406.txt,2005,780
PMC12338406.txt,2006,850
PMC12338406.txt,2007,920
PMC12338406.txt,2008,352
PMC12338406.txt,2009,999
PMC12338406.txt,2010,346
PMC12338406.txt,2011,862
PMC12338406.txt,2012,916
PMC12338406.txt,2013,892
PMC12338406.txt,2014,409
PMC12338406.txt,2015,875
PMC12338406.txt,2016,537
PMC6313353.txt,2017,919
PMC6313353.txt,2018,600
PMC6313353.txt,2020,830
PMC6313353.txt,2021,272
PMC6313353.txt,2022,600
PMC6313353.txt,2024,831
PMC6313353.txt,2025,780
PMC6313353.txt,2026,600
PMC6313353.txt,2028,1015
PMC6313353.txt,2029,985
PMC6313353.txt,2030,984
PMC6313353.txt,2031,950
PMC6313353.txt,2032,891
PMC6313353.txt,2033,619
PMC6313353.txt,2034,936
PMC12240022.txt,2035,152
PMC12240022.txt,2037,644
PMC12240022.txt,2038,871
PMC12240022.txt,2039,152
PMC12240022.txt,2041,973
PMC12240022.txt,2042,945
PMC12240022.txt,2043,947
PMC12240022.txt,2044,899
PMC12240022.txt,2046,916
PMC12240022.txt,2047,295
PMC12240022.txt,2048,899
PMC12240022.txt,2049,665
PMC12240022.txt,2050,448
PMC12240022.txt,2051,127
PMC12240022.txt,2052,984
PMC12240022.txt,2053,951
PMC12240022.txt,2054,699
PMC12240022.txt,2055,448
PMC12240022.txt,2056,795
PMC12240022.txt,2057,842
PMC12240022.txt,2058,876
PMC12240022.txt,2059,633
PMC12240022.txt,2060,929
PMC12240022.txt,2061,410
PMC12687548.txt,2063,104
PMC12687548.txt,2064,846
PMC12687548.txt,2065,606
PMC12687548.txt,2067,188
PMC12687548.txt,2068,986
PMC12687548.txt,2069,277
PMC12687548.txt,2071,109
PMC12687548.txt,2072,717
PMC12687548.txt,2073,856
PMC12687548.txt,2075,108
PMC12687548.txt,2076,858
PMC12687548.txt,2077,903
PMC12687548.txt,2078,845
PMC12687548.txt,2079,960
PMC12687548.txt,2080,988
PMC12687548.txt,2081,537
PMC12687548.txt,2083,147
PMC12687548.txt,2084,981
PMC12687548.txt,2085,896
PMC12687548.txt,2086,739
PMC12687548.txt,2088,152
PMC12687548.txt,2089,946
PMC12687548.txt,2090,319
PMC12687548.txt,2092,161
PMC12687548.txt,2093,868
PMC12687548.txt,2094,930
PMC12687548.txt,2095,592
PMC12687548.txt,2097,158
PMC12687548.txt,2098,907
PMC12687548.txt,2099,962
PMC12687548.txt,2100,950
PMC12687548.txt,2102,183
PMC12687548.txt,2103,868
PMC12687548.txt,2104,226
PMC12687548.txt,2105,292
PMC12687548.txt,2107,943
PMC12687548.txt,2108,484
PMC12687548.txt,2109,947
PMC12687548.txt,2110,710
PMC12687548.txt,2112,977
PMC12687548.txt,2113,431
PMC12687548.txt,2114,1001
PMC12687548.txt,2115,904
PMC12687548.txt,2116,251
PMC12687548.txt,2118,925
PMC12687548.txt,2119,525
PMC12687548.txt,2120,251
PMC11455680.txt,2121,159
PMC11455680.txt,2123,798
PMC11455680.txt,2124,962
PMC11455680.txt,2125,298
PMC11455680.txt,2126,159
PMC11455680.txt,2128,764
PMC11455680.txt,2129,916
PMC11455680.txt,2130,571
PMC11455680.txt,2131,681
PMC11455680.txt,2132,773
PMC11455680.txt,2134,963
PMC11455680.txt,2135,999
PMC11455680.txt,2136,486
PMC11455680.txt,2137,773
PMC11455680.txt,2139,953
PMC11455680.txt,2140,658
PMC11455680.txt,2141,781
PMC11455680.txt,2142,773
PMC11455680.txt,2144,1030
PMC11455680.txt,2145,442
PMC11455680.txt,2146,773
PMC11455680.txt,2147,820
PMC11455680.txt,2148,396
PMC11455680.txt,2150,663
PMC11455680.txt,2151,686
PMC11455680.txt,2152,396
PMC11455680.txt,2153,103
PMC11455680.txt,2154,713
PMC11455680.txt,2155,955
PMC11455680.txt,2156,396
PMC11455680.txt,2157,855
PMC11455680.txt,2158,642
PMC11455680.txt,2160,832
PMC11455680.txt,2161,712
PMC11455680.txt,2162,642
PMC11455680.txt,2164,946
PMC11455680.txt,2165,382
PMC11455680.txt,2166,642
PMC11666733.txt,2167,892
PMC11666733.txt,2168,994
PMC11666733.txt,2169,549
PMC11666733.txt,2171,963
PMC11666733.txt,2172,367
PMC11666733.txt,2173,549
PMC11666733.txt,2174,638
PMC11666733.txt,2175,840
PMC11666733.txt,2176,415
PMC11666733.txt,2177,858
PMC11666733.txt,2178,326
PMC11666733.txt,2180,916
PMC11666733.txt,2181,652
PMC11666733.txt,2182,326
PMC11666733.txt,2183,857
PMC11666733.txt,2184,993
PMC11666733.txt,2185,848
PMC11666733.txt,2186,802
PMC11666733.txt,2188,947
PMC11666733.txt,2189,714
PMC11666733.txt,2190,802
PMC11666733.txt,2191,888
PMC11666733.txt,2192,785
PMC11666733.txt,2193,806
PMC11666733.txt,2194,229
PMC11666733.txt,2195,894
PMC11666733.txt,2196,696
PMC11666733.txt,2197,806
PMC11666733.txt,2198,925
PMC11666733.txt,2199,532
PMC11666733.txt,2200,943
PMC11666733.txt,2201,694
PMC11666733.txt,2202,153
PMC11666733.txt,2203,871
PMC11666733.txt,2204,893
PMC11666733.txt,2205,628
PMC11666733.txt,2206,694
PMC11666733.txt,2207,559
PMC11666733.txt,2208,907
PMC11666733.txt,2209,253
PMC11666733.txt,2210,852
PMC11666733.txt,2211,186
PMC11666733.txt,2212,562
PMC11666733.txt,2213,998
PMC11666733.txt,2214,852
PMC11666733.txt,2215,277
PMC11666733.txt,2216,225
PMC11666733.txt,2217,783
PMC11666733.txt,2218,826
PMC11666733.txt,2219,907
PMC11666733.txt,2221,946
PMC11666733.txt,2222,665
PMC11666733.txt,2223,907
PMC11666733.txt,2225,730
PMC11666733.txt,2226,987
PMC11666733.txt,2227,126
PMC11666733.txt,2228,907
PMC12146249.txt,2229,118
PMC12146249.txt,2231,989
PMC12146249.txt,2232,277
PMC12146249.txt,2233,778
PMC12146249.txt,2234,146
PMC12146249.txt,2235,915
PMC12146249.txt,2236,872
PMC12146249.txt,2237,212
PMC12146249.txt,2238,839
PMC12146249.txt,2239,883
PMC12146249.txt,2240,151
PMC12146249.txt,2241,582
PMC12146249.txt,2242,972
PMC12146249.txt,2243,663
PMC12146249.txt,2244,883
PMC12146249.txt,2245,938
PMC12146249.txt,2246,329
PMC12146249.txt,2247,966
PMC12146249.txt,2249,297
PMC12146249.txt,2250,912
PMC12146249.txt,2251,802
PMC12146249.txt,2253,238
PMC12146249.txt,2254,849
PMC12146249.txt,2255,982
PMC12146249.txt,2256,193
PMC12146249.txt,2258,251
PMC12146249.txt,2259,679
PMC12146249.txt,2260,387
PMC12146249.txt,2262,292
PMC12146249.txt,2263,911
PMC12146249.txt,2264,639
PMC12146249.txt,2265,739
PMC12146249.txt,2266,722
PMC12146249.txt,2267,849
PMC12146249.txt,2268,483
PMC12146249.txt,2270,1041
PMC12146249.txt,2271,974
PMC12146249.txt,2272,483
PMC12146249.txt,2273,233
PMC12146249.txt,2274,966
PMC12146249.txt,2275,806
PMC12146249.txt,2276,344
PMC12146249.txt,2277,483
PMC12146249.txt,2279,1072
PMC12146249.txt,2280,996
PMC12146249.txt,2281,447
PMC12146249.txt,2282,557
PMC3872300.txt,2283,329
PMC3872300.txt,2284,837
PMC3872300.txt,2285,142
PMC3872300.txt,2286,853
PMC3872300.txt,2287,927
PMC3872300.txt,2288,930
PMC3872300.txt,2289,948
PMC3872300.txt,2290,905
PMC3872300.txt,2291,290
PMC3872300.txt,2292,837
PMC3872300.txt,2293,135
PMC3872300.txt,2294,764
PMC3872300.txt,2295,803
PMC3872300.txt,2296,947
PMC3872300.txt,2297,974
PMC3872300.txt,2298,989
PMC3872300.txt,2299,921
PMC3872300.txt,2300,747
PMC3872300.txt,2301,837
PMC3872300.txt,2302,134
PMC3872300.txt,2303,775
PMC3872300.txt,2304,992
PMC3872300.txt,2305,837
PMC3872300.txt,2306,573
PMC3872300.txt,2308,1060
PMC3872300.txt,2309,932
PMC3872300.txt,2310,982
PMC3872300.txt,2311,734
PMC3872300.txt,2312,573
PMC3872300.txt,2313,701
PMC3872300.txt,2314,126
PMC3872300.txt,2315,835
PMC3872300.txt,2316,475
PMC3872300.txt,2317,701
PMC3872300.txt,2319,950
PMC3872300.txt,2320,996
PMC3872300.txt,2321,911
PMC3872300.txt,2322,546
PMC3872300.txt,2323,701
PMC3872300.txt,2324,145
PMC3872300.txt,2325,979
PMC3872300.txt,2326,701
PMC3872300.txt,2327,880
PMC3872300.txt,2328,156
PMC3872300.txt,2329,854
PMC3872300.txt,2330,880
PMC3872300.txt,2331,927
PMC3872300.txt,2332,791
PMC3872300.txt,2333,850
PMC3872300.txt,2334,168
PMC3872300.txt,2335,922
PMC3872300.txt,2336,859
PMC3872300.txt,2337,347
PMC3872300.txt,2338,850
PMC3872300.txt,2339,142
PMC3872300.txt,2340,790
PMC3872300.txt,2341,427
PMC3872300.txt,2342,850
PMC3872300.txt,2343,160
PMC3872300.txt,2344,946
PMC3872300.txt,2345,901
PMC3872300.txt,2346,182
PMC3872300.txt,2347,850
PMC3872300.txt,2348,157
PMC3872300.txt,2349,986
PMC3872300.txt,2350,850
PMC3872300.txt,2351,823
PMC3872300.txt,2352,787
PMC3872300.txt,2353,728
PMC3872300.txt,2354,111
PMC3872300.txt,2355,944
PMC3872300.txt,2356,918
PMC3872300.txt,2357,837
PMC3872300.txt,2358,916
PMC3872300.txt,2359,965
PMC3872300.txt,2360,353
PMC3872300.txt,2361,728
PMC3872300.txt,2362,490
PMC3872300.txt,2363,125
PMC3872300.txt,2364,897
PMC3872300.txt,2365,496
PMC3872300.txt,2366,490
PMC3872300.txt,2367,793
PMC3872300.txt,2368,172
PMC3872300.txt,2369,909
PMC3872300.txt,2370,974
PMC3872300.txt,2371,678
PMC3872300.txt,2372,671
PMC3872300.txt,2373,459
PMC3872300.txt,2374,793
PMC3872300.txt,2375,932
PMC3872300.txt,2376,624
PMC3872300.txt,2377,139
PMC3872300.txt,2378,873
PMC3872300.txt,2379,899
PMC3872300.txt,2380,624
PMC3872300.txt,2381,894
PMC3872300.txt,2382,316
PMC3872300.txt,2383,172
PMC3872300.txt,2384,984
PMC3872300.txt,2385,668
PMC3872300.txt,2386,872
PMC3872300.txt,2388,1080
PMC3872300.txt,2389,896
PMC3872300.txt,2390,611
PMC3872300.txt,2391,872
PMC3872300.txt,2392,830
PMC3872300.txt,2393,219
PMC3872300.txt,2394,914
PMC3872300.txt,2395,943
PMC3872300.txt,2396,265
PMC3872300.txt,2397,830
PMC3872300.txt,2398,169
PMC3872300.txt,2399,838
PMC3872300.txt,2400,987
PMC3872300.txt,2401,841
PMC3872300.txt,2402,584
PMC3872300.txt,2403,830
PMC3872300.txt,2404,187
PMC3872300.txt,2405,940
PMC3872300.txt,2406,943
PMC3872300.txt,2407,910
PMC3872300.txt,2408,263
PMC3872300.txt,2409,830
PMC3872300.txt,2410,834
PMC3872300.txt,2411,107
PMC3872300.txt,2412,975
PMC3872300.txt,2413,667
PMC3872300.txt,2414,699
PMC3872300.txt,2415,834
PMC3872300.txt,2416,700
PMC3872300.txt,2417,114
PMC3872300.txt,2418,937
PMC3872300.txt,2419,333
PMC3872300.txt,2420,700
PMC3872300.txt,2421,141
PMC3872300.txt,2422,996
PMC3872300.txt,2423,820
PMC3872300.txt,2424,700
PMC3872300.txt,2425,123
PMC3872300.txt,2426,984
PMC3872300.txt,2427,932
PMC3872300.txt,2428,346
PMC3872300.txt,2429,700
PMC3872300.txt,2430,646
PMC3872300.txt,2431,485
PMC3872300.txt,2432,718
PMC3872300.txt,2433,612
PMC3872300.txt,2434,140
PMC3872300.txt,2435,922
PMC3872300.txt,2436,285
PMC3872300.txt,2437,612
PMC3872300.txt,2438,132
PMC3872300.txt,2439,913
PMC3872300.txt,2440,609
PMC3872300.txt,2441,612
PMC3872300.txt,2442,119
PMC3872300.txt,2443,898
PMC3872300.txt,2444,479
PMC3872300.txt,2445,612
PMC3872300.txt,2446,112
PMC3872300.txt,2447,923
PMC3872300.txt,2448,933
PMC3872300.txt,2449,355
PMC3872300.txt,2450,612
PMC3872300.txt,2451,129
PMC3872300.txt,2452,954
PMC3872300.txt,2453,195
PMC3872300.txt,2454,908
PMC3872300.txt,2455,161
PMC3872300.txt,2456,931
PMC3872300.txt,2457,906
PMC3872300.txt,2458,517
PMC3872300.txt,2459,908
PMC3872300.txt,2460,161
PMC3872300.txt,2461,879
PMC3872300.txt,2462,908
PMC3872300.txt,2463,147
PMC3872300.txt,2464,924
PMC3872300.txt,2465,942
PMC3872300.txt,2466,257
PMC3872300.txt,2467,908
PMC3872300.txt,2468,127
PMC3872300.txt,2469,893
PMC3872300.txt,2470,932
PMC3872300.txt,2471,302
PMC3872300.txt,2472,908
PMC3872300.txt,2473,679
PMC8250763.txt,2476,1033
PMC8250763.txt,2477,970
PMC8250763.txt,2478,435
PMC8250763.txt,2481,1087
PMC8250763.txt,2482,912
PMC8250763.txt,2483,839
PMC8250763.txt,2486,739
PMC8250763.txt,2487,627
PMC8250763.txt,2489,118
PMC8250763.txt,2490,624
PMC8250763.txt,2491,823
PMC8250763.txt,2492,763
PMC8250763.txt,2494,868
PMC8250763.txt,2495,927
PMC8250763.txt,2496,763
PMC8250763.txt,2497,722
PMC8250763.txt,2498,775
PMC8250763.txt,2500,990
PMC8250763.txt,2501,536
PMC8250763.txt,2502,775
PMC12750329.txt,2503,496
PMC12750329.txt,2504,737
PMC12750329.txt,2505,952
PMC12750329.txt,2507,1020
PMC12750329.txt,2508,966
PMC12750329.txt,2509,977
PMC12750329.txt,2510,858
PMC12750329.txt,2511,952
PMC12750329.txt,2512,994
PMC12750329.txt,2514,659
PMC12750329.txt,2515,859
PMC12750329.txt,2516,994
PMC12750329.txt,2517,493
PMC12750329.txt,2518,626
PMC12750329.txt,2520,996
PMC12750329.txt,2521,870
PMC12750329.txt,2522,626
PMC12750329.txt,2523,638
PMC12750329.txt,2524,978
PMC12750329.txt,2526,889
PMC12750329.txt,2527,862
PMC12750329.txt,2528,832
PMC12750329.txt,2529,946
PMC12750329.txt,2530,951
PMC12750329.txt,2531,989
PMC12750329.txt,2532,847
PMC12750329.txt,2533,931
PMC12750329.txt,2534,909
PMC12750329.txt,2535,905
PMC12750329.txt,2536,751
PMC12750329.txt,2537,439
PMC12750329.txt,2538,978
PMC12750329.txt,2540,930
PMC12750329.txt,2541,978
PMC12750329.txt,2542,679
PMC12750329.txt,2543,835
PMC12750329.txt,2544,639
PMC12750329.txt,2545,899
PMC12750329.txt,2546,914
PMC12750329.txt,2547,809
PMC12750329.txt,2548,691
PMC12750329.txt,2549,858
PMC12750329.txt,2550,891
PMC12750329.txt,2551,153
PMC12750329.txt,2552,978
PMC12750329.txt,2554,1047
PMC12750329.txt,2555,956
PMC12750329.txt,2556,753
PMC12750329.txt,2557,896
PMC12750329.txt,2558,838
PMC12750329.txt,2559,958
PMC12750329.txt,2560,873
PMC12750329.txt,2561,961
PMC12750329.txt,2562,747
PMC12750329.txt,2563,939
PMC12750329.txt,2564,852
PMC12750329.txt,2565,885
PMC12750329.txt,2566,899
PMC12750329.txt,2567,941
PMC12750329.txt,2568,407
PMC12750329.txt,2569,978
PMC12750329.txt,2571,951
PMC12750329.txt,2572,841
PMC12750329.txt,2573,805
PMC12750329.txt,2574,948
PMC12750329.txt,2575,891
PMC12750329.txt,2576,968
PMC12750329.txt,2577,949
PMC12750329.txt,2578,783
PMC12750329.txt,2579,945
PMC12750329.txt,2580,960
PMC12750329.txt,2581,812
PMC12750329.txt,2582,969
PMC12750329.txt,2583,351
PMC12750329.txt,2584,978
PMC12750329.txt,2586,869
PMC12750329.txt,2587,986
PMC12750329.txt,2588,877
PMC12750329.txt,2589,803
PMC12750329.txt,2590,856
PMC12750329.txt,2591,991
PMC12750329.txt,2592,924
PMC12750329.txt,2593,864
PMC12750329.txt,2594,892
PMC12750329.txt,2595,902
PMC12750329.txt,2596,840
PMC12750329.txt,2597,953
PMC12750329.txt,2598,908
PMC12750329.txt,2599,314
PMC12750329.txt,2600,978
PMC12750329.txt,2602,968
PMC12750329.txt,2603,962
PMC12750329.txt,2604,844
PMC12750329.txt,2605,936
PMC12750329.txt,2606,850
PMC12750329.txt,2607,931
PMC12750329.txt,2608,954
PMC12750329.txt,2609,870
PMC12750329.txt,2610,385
PMC12750329.txt,2611,978
PMC12750329.txt,2613,812
PMC12750329.txt,2614,899
PMC12750329.txt,2615,800
PMC12750329.txt,2616,758
PMC12750329.txt,2617,932
PMC12750329.txt,2618,933
PMC12750329.txt,2619,884
PMC12750329.txt,2620,415
PMC12750329.txt,2621,978
PMC7983964.txt,2622,954
PMC7983964.txt,2623,154
PMC7983964.txt,2625,902
PMC7983964.txt,2626,257
PMC7983964.txt,2627,154
PMC7983964.txt,2629,593
PMC7983964.txt,2630,886
PMC7983964.txt,2631,991
PMC7983964.txt,2632,154
PMC7983964.txt,2634,1006
PMC7983964.txt,2635,209
PMC7983964.txt,2636,553
PMC7983964.txt,2637,725
PMC7983964.txt,2638,726
PMC7983964.txt,2639,773
PMC7983964.txt,2640,735
PMC7983964.txt,2641,854
PMC7983964.txt,2642,608
PMC7983964.txt,2643,147
PMC7983964.txt,2644,702
PMC7983964.txt,2645,943
PMC7983964.txt,2646,767
PMC7983964.txt,2647,851
PMC7983964.txt,2648,972
PMC7983964.txt,2649,973
PMC7983964.txt,2650,964
PMC7983964.txt,2651,941
PMC7983964.txt,2652,686
PMC7983964.txt,2653,872
PMC7983964.txt,2654,811
PMC7983964.txt,2655,772
PMC7983964.txt,2656,980
PMC7983964.txt,2657,678
PMC7983964.txt,2658,802
PMC7983964.txt,2659,880
PMC7983964.txt,2660,608
PMC7983964.txt,2661,847
PMC7983964.txt,2662,444
PMC7983964.txt,2663,882
PMC7983964.txt,2664,160
PMC7983964.txt,2665,876
PMC7983964.txt,2666,882
PMC7983964.txt,2667,177
PMC7983964.txt,2668,924
PMC7983964.txt,2669,794
PMC7983964.txt,2670,897
PMC7983964.txt,2671,878
PMC7983964.txt,2672,763
PMC7983964.txt,2673,882
PMC7983964.txt,2674,925
PMC7983964.txt,2675,767
PMC7983964.txt,2676,933
PMC7983964.txt,2677,245
PMC7983964.txt,2678,744
PMC7983964.txt,2679,501
PMC7983964.txt,2680,950
PMC7983964.txt,2681,933
PMC7983964.txt,2682,779
PMC7983964.txt,2683,831
PMC7983964.txt,2684,407
PMC7983964.txt,2685,852
PMC7983964.txt,2686,245
PMC7983964.txt,2687,955
PMC7983964.txt,2688,607
PMC7983964.txt,2689,852
PMC7983964.txt,2690,830
PMC7983964.txt,2691,821
PMC7983964.txt,2692,128
PMC7983964.txt,2693,882
PMC7983964.txt,2694,967
PMC7983964.txt,2695,767
PMC7983964.txt,2696,893
PMC7983964.txt,2697,647
PMC7983964.txt,2698,878
PMC7983964.txt,2699,778
PMC7983964.txt,2700,848
PMC7983964.txt,2701,884
PMC7983964.txt,2702,906
PMC7983964.txt,2703,310
PMC7983964.txt,2704,821
PMC7983964.txt,2705,793
PMC7983964.txt,2706,920
PMC7983964.txt,2707,691
PMC7983964.txt,2708,315
PMC7983964.txt,2709,110
PMC7983964.txt,2710,988
PMC7983964.txt,2711,601
PMC7983964.txt,2712,315
PMC7983964.txt,2713,127
PMC7983964.txt,2714,727
PMC7983964.txt,2715,987
PMC7983964.txt,2716,473
PMC7983964.txt,2717,934
PMC7983964.txt,2718,819
PMC7983964.txt,2719,863
PMC7983964.txt,2720,903
PMC7983964.txt,2721,415
PMC7983964.txt,2722,704
PMC7983964.txt,2723,781
PMC7983964.txt,2724,962
PMC7983964.txt,2725,769
PMC7983964.txt,2726,392
PMC7983964.txt,2727,830
PMC7983964.txt,2728,144
PMC7983964.txt,2729,970
PMC7983964.txt,2730,875
PMC7983964.txt,2731,773
PMC7983964.txt,2732,721
PMC7983964.txt,2733,972
PMC7983964.txt,2734,765
PMC7983964.txt,2735,830
PMC7983964.txt,2736,870
PMC7983964.txt,2737,596
PMC7983964.txt,2738,435
PMC7983964.txt,2739,716
PMC7983964.txt,2740,120
PMC7983964.txt,2741,948
PMC7983964.txt,2742,970
PMC7983964.txt,2743,959
PMC7983964.txt,2744,928
PMC7983964.txt,2745,566
PMC7983964.txt,2746,977
PMC7983964.txt,2747,908
PMC7983964.txt,2748,871
PMC7983964.txt,2749,961
PMC7983964.txt,2750,857
PMC7983964.txt,2751,367
PMC7983964.txt,2752,898
PMC7983964.txt,2753,885
PMC7983964.txt,2754,856
PMC7983964.txt,2755,418
PMC7983964.txt,2756,716
PMC7983964.txt,2757,876
PMC7983964.txt,2758,568
PMC7983964.txt,2759,118
PMC7983964.txt,2760,810
PMC7983964.txt,2761,640
PMC7983964.txt,2762,969
PMC7983964.txt,2763,800
PMC7983964.txt,2764,849
PMC7983964.txt,2765,827
PMC7983964.txt,2766,489
PMC7983964.txt,2767,105
PMC7983964.txt,2768,629
PMC7983964.txt,2769,422
PMC7983964.txt,2770,489
PMC7983964.txt,2771,121
PMC7983964.txt,2772,984
PMC7983964.txt,2773,902
PMC7983964.txt,2774,881
PMC7983964.txt,2775,971
PMC7983964.txt,2776,255
PMC7983964.txt,2777,787
PMC7983964.txt,2778,295
PMC7983964.txt,2779,792
PMC7983964.txt,2780,125
PMC7983964.txt,2781,999
PMC7983964.txt,2782,879
PMC7983964.txt,2783,696
PMC7983964.txt,2784,748
PMC7983964.txt,2785,826
PMC7983964.txt,2786,817
PMC7983964.txt,2787,778
PMC7983964.txt,2788,792
PMC7983964.txt,2789,976
PMC12420935.txt,2790,121
PMC12420935.txt,2792,837
PMC12420935.txt,2793,765
PMC12420935.txt,2794,896
PMC12420935.txt,2795,234
PMC12420935.txt,2796,121
PMC12420935.txt,2798,934
PMC12420935.txt,2799,841
PMC12420935.txt,2800,835
PMC12420935.txt,2801,567
PMC12420935.txt,2802,121
PMC12420935.txt,2804,978
PMC12420935.txt,2805,505
PMC12420935.txt,2806,121
PMC12420935.txt,2808,899
PMC12420935.txt,2809,925
PMC12420935.txt,2810,913
PMC12420935.txt,2811,959
PMC12420935.txt,2812,833
PMC12420935.txt,2813,943
PMC12420935.txt,2814,984
PMC12420935.txt,2815,481
PMC12420935.txt,2816,608
PMC11072254.txt,2817,792
PMC11072254.txt,2818,881
PMC11072254.txt,2819,306
PMC11072254.txt,2821,1005
PMC11072254.txt,2822,874
PMC11072254.txt,2823,306
PMC11072254.txt,2825,729
PMC11072254.txt,2826,674
PMC11072254.txt,2827,306
PMC11072254.txt,2829,863
PMC11072254.txt,2830,701
PMC11072254.txt,2831,306
PMC11072254.txt,2832,103
PMC11072254.txt,2833,673
PMC11072254.txt,2834,764
PMC11072254.txt,2835,306
PMC11072254.txt,2836,172
PMC11072254.txt,2837,999
PMC11072254.txt,2838,293
PMC11072254.txt,2839,442
PMC11072254.txt,2840,306
PMC11072254.txt,2841,130
PMC11072254.txt,2843,1095
PMC11072254.txt,2844,258
PMC11072254.txt,2845,121
PMC11072254.txt,2846,306
PMC11072254.txt,2847,102
PMC11072254.txt,2848,598
PMC11072254.txt,2849,662
PMC11072254.txt,2850,306
PMC11072254.txt,2851,703
PMC11072254.txt,2852,478
PMC11072254.txt,2853,605
PMC11072254.txt,2854,782
PMC11072254.txt,2855,675
PMC11072254.txt,2857,860
PMC11072254.txt,2858,799
PMC11072254.txt,2859,420
PMC11072254.txt,2860,675
PMC5629911.txt,2861,129
PMC5629911.txt,2863,932
PMC5629911.txt,2864,692
PMC5629911.txt,2865,129
PMC5629911.txt,2867,995
PMC5629911.txt,2868,673
PMC5629911.txt,2869,129
PMC5629911.txt,2871,507
PMC5629911.txt,2872,1000
PMC5629911.txt,2873,359
PMC5629911.txt,2874,880
PMC5629911.txt,2875,671
PMC5629911.txt,2876,594
PMC5629911.txt,2877,129
PMC5629911.txt,2879,946
PMC5629911.txt,2880,843
PMC5629911.txt,2881,946
PMC5629911.txt,2882,217
PMC5629911.txt,2883,129
PMC5629911.txt,2885,1005
PMC5629911.txt,2886,857
PMC5629911.txt,2887,995
PMC5629911.txt,2888,952
PMC5629911.txt,2889,392
PMC5629911.txt,2890,129
PMC5629911.txt,2892,1016
PMC5629911.txt,2893,817
PMC5629911.txt,2894,947
PMC5629911.txt,2895,368
PMC5629911.txt,2897,979
PMC5629911.txt,2898,951
PMC5629911.txt,2899,942
PMC5629911.txt,2900,666
PMC5629911.txt,2901,368
PMC5629911.txt,2902,997
PMC5629911.txt,2903,586
PMC5629911.txt,2904,848
PMC5629911.txt,2905,491
PMC5629911.txt,2906,112
PMC5629911.txt,2907,716
PMC5629911.txt,2908,740
PMC5629911.txt,2909,491
PMC5629911.txt,2911,1056
PMC5629911.txt,2912,708
PMC5629911.txt,2913,567
PMC5629911.txt,2914,491
PMC5629911.txt,2915,134
PMC5629911.txt,2916,883
PMC5629911.txt,2917,888
PMC5629911.txt,2918,763
PMC5629911.txt,2919,491
PMC5629911.txt,2920,141
PMC5629911.txt,2921,954
PMC5629911.txt,2922,940
PMC5629911.txt,2923,718
PMC5629911.txt,2924,491
PMC5629911.txt,2925,141
PMC5629911.txt,2926,571
PMC5629911.txt,2927,791
PMC5629911.txt,2928,491
PMC5629911.txt,2929,891
PMC5629911.txt,2930,109
PMC5629911.txt,2931,882
PMC5629911.txt,2932,493
PMC5629911.txt,2933,891
PMC5629911.txt,2935,1058
PMC5629911.txt,2936,668
PMC5629911.txt,2937,891
PMC5629911.txt,2939,1027
PMC5629911.txt,2940,152
PMC5629911.txt,2941,891
PMC5629911.txt,2943,958
PMC5629911.txt,2944,990
PMC5629911.txt,2945,858
PMC5629911.txt,2946,968
PMC5629911.txt,2947,897
PMC5629911.txt,2948,401
PMC5629911.txt,2949,891
PMC5629911.txt,2951,964
PMC5629911.txt,2952,951
PMC5629911.txt,2953,840
PMC5629911.txt,2954,906
PMC5629911.txt,2955,842
PMC5629911.txt,2956,891
PMC5629911.txt,2957,110
PMC5629911.txt,2958,872
PMC5629911.txt,2959,497
PMC5629911.txt,2960,891
PMC5629911.txt,2961,117
PMC5629911.txt,2962,860
PMC5629911.txt,2963,804
PMC5629911.txt,2964,861
PMC5629911.txt,2965,931
PMC5629911.txt,2966,842
PMC5629911.txt,2967,904
PMC5629911.txt,2968,891
PMC5629911.txt,2970,1033
PMC5629911.txt,2971,840
PMC5629911.txt,2972,964
PMC5629911.txt,2973,891
PMC5629911.txt,2974,109
PMC5629911.txt,2975,780
PMC5629911.txt,2976,961
PMC5629911.txt,2977,948
PMC5629911.txt,2978,891
PMC5629911.txt,2979,130
PMC5629911.txt,2980,967
PMC5629911.txt,2981,856
PMC5629911.txt,2982,867
PMC5629911.txt,2983,891
PMC5629911.txt,2984,708
PMC5629911.txt,2985,972
PMC5629911.txt,2986,402
PMC5629911.txt,2987,106
PMC5629911.txt,2988,667
PMC5629911.txt,2989,592
PMC5629911.txt,2990,402
PMC5629911.txt,2991,151
PMC5629911.txt,2992,922
PMC5629911.txt,2993,332
PMC5629911.txt,2994,402
PMC5629911.txt,2995,155
PMC5629911.txt,2996,978
PMC5629911.txt,2997,991
PMC5629911.txt,2998,264
PMC5629911.txt,2999,402
PMC5629911.txt,3000,145
PMC5629911.txt,3001,982
PMC5629911.txt,3002,915
PMC5629911.txt,3003,402
PMC5629911.txt,3004,186
PMC5629911.txt,3005,997
PMC5629911.txt,3006,908
PMC5629911.txt,3007,466
PMC5629911.txt,3008,402
PMC5629911.txt,3009,135
PMC5629911.txt,3010,957
PMC5629911.txt,3011,926
PMC5629911.txt,3012,402
PMC5629911.txt,3013,145
PMC5629911.txt,3014,908
PMC5629911.txt,3015,817
PMC5629911.txt,3016,407
PMC5629911.txt,3017,402
PMC5629911.txt,3018,125
PMC5629911.txt,3019,873
PMC5629911.txt,3020,343
PMC5629911.txt,3021,402
PMC5629911.txt,3022,961
PMC5629911.txt,3023,704
PMC5629911.txt,3024,157
PMC5629911.txt,3025,806
PMC5629911.txt,3026,943
PMC5629911.txt,3027,948
PMC5629911.txt,3028,957
PMC5629911.txt,3029,962
PMC5629911.txt,3030,590
PMC5629911.txt,3031,704
PMC5629911.txt,3032,184
PMC5629911.txt,3033,888
PMC5629911.txt,3034,345
PMC5629911.txt,3035,704
PMC5629911.txt,3036,183
PMC5629911.txt,3037,809
PMC5629911.txt,3038,966
PMC5629911.txt,3039,513
PMC5629911.txt,3040,704
PMC5629911.txt,3041,143
PMC5629911.txt,3042,840
PMC5629911.txt,3043,675
PMC5629911.txt,3044,704
PMC5629911.txt,3045,159
PMC5629911.txt,3046,862
PMC5629911.txt,3047,499
PMC5629911.txt,3048,704
PMC5629911.txt,3049,146
PMC5629911.txt,3050,907
PMC5629911.txt,3051,376
PMC5629911.txt,3052,704
PMC5629911.txt,3053,149
PMC5629911.txt,3054,871
PMC5629911.txt,3055,883
PMC5629911.txt,3056,377
PMC5629911.txt,3057,704
PMC5629911.txt,3058,836
PMC5629911.txt,3059,421
PMC5629911.txt,3060,114
PMC5629911.txt,3061,967
PMC5629911.txt,3062,915
PMC5629911.txt,3063,568
PMC5629911.txt,3064,421
PMC5629911.txt,3065,822
PMC5629911.txt,3066,785
PMC5629911.txt,3067,892
PMC5629911.txt,3068,706
PMC5629911.txt,3069,135
PMC5629911.txt,3070,839
PMC5629911.txt,3071,956
PMC5629911.txt,3072,706
PMC5629911.txt,3073,116
PMC5629911.txt,3074,790
PMC5629911.txt,3075,881
PMC5629911.txt,3076,979
PMC5629911.txt,3077,816
PMC5629911.txt,3078,422
PMC5629911.txt,3079,706
PMC5629911.txt,3080,168
PMC5629911.txt,3081,940
PMC5629911.txt,3082,213
PMC5629911.txt,3083,706
PMC5629911.txt,3084,109
PMC5629911.txt,3085,840
PMC5629911.txt,3086,840
PMC5629911.txt,3087,842
PMC5629911.txt,3088,884
PMC5629911.txt,3089,945
PMC5629911.txt,3090,960
PMC5629911.txt,3091,862
PMC5629911.txt,3092,706
PMC5629911.txt,3093,119
PMC5629911.txt,3094,906
PMC5629911.txt,3095,706
PMC5629911.txt,3096,123
PMC5629911.txt,3097,877
PMC5629911.txt,3098,581
PMC5629911.txt,3099,706
PMC5629911.txt,3100,182
PMC5629911.txt,3101,893
PMC5629911.txt,3102,268
PMC5629911.txt,3103,706
PMC5629911.txt,3104,202
PMC5629911.txt,3105,864
PMC5629911.txt,3106,917
PMC5629911.txt,3107,399
PMC5629911.txt,3108,987
PMC5629911.txt,3109,833
PMC5629911.txt,3110,132
PMC5629911.txt,3111,746
PMC5629911.txt,3112,926
PMC5629911.txt,3113,344
PMC5629911.txt,3114,833
PMC5629911.txt,3115,129
PMC5629911.txt,3116,890
PMC5629911.txt,3117,262
PMC5629911.txt,3118,833
PMC5629911.txt,3119,172
PMC5629911.txt,3120,816
PMC5629911.txt,3121,901
PMC5629911.txt,3122,492
PMC5629911.txt,3123,833
PMC5629911.txt,3124,890
PMC5629911.txt,3125,132
PMC5629911.txt,3126,851
PMC5629911.txt,3127,997
PMC5629911.txt,3128,988
PMC5629911.txt,3129,991
PMC5629911.txt,3130,951
PMC5629911.txt,3131,254
PMC5629911.txt,3132,890
PMC5629911.txt,3133,139
PMC5629911.txt,3134,935
PMC5629911.txt,3135,486
PMC5629911.txt,3136,890
PMC5629911.txt,3137,915
PMC5629911.txt,3138,121
PMC5629911.txt,3139,836
PMC5629911.txt,3140,890
PMC5629911.txt,3141,1000
PMC5629911.txt,3142,877
PMC5629911.txt,3143,923
PMC5629911.txt,3144,327
PMC5629911.txt,3145,915
PMC5629911.txt,3146,119
PMC5629911.txt,3147,945
PMC5629911.txt,3148,965
PMC5629911.txt,3149,941
PMC5629911.txt,3150,943
PMC5629911.txt,3151,884
PMC5629911.txt,3152,784
PMC5629911.txt,3153,915
PMC5629911.txt,3154,127
PMC5629911.txt,3155,847
PMC5629911.txt,3156,917
PMC5629911.txt,3157,332
PMC5629911.txt,3158,915
PMC5629911.txt,3159,782
PMC5629911.txt,3160,639
PMC5629911.txt,3161,134
PMC5629911.txt,3162,868
PMC5629911.txt,3163,969
PMC5629911.txt,3164,961
PMC5629911.txt,3165,811
PMC5629911.txt,3166,977
PMC5629911.txt,3167,956
PMC5629911.txt,3169,719
PMC5629911.txt,3170,139
PMC5629911.txt,3171,890
PMC5629911.txt,3172,981
PMC5629911.txt,3173,927
PMC5629911.txt,3174,847
PMC5629911.txt,3175,685
PMC5629911.txt,3176,639
PMC5629911.txt,3177,107
PMC5629911.txt,3178,952
PMC5629911.txt,3179,984
PMC5629911.txt,3180,790
PMC5629911.txt,3181,851
PMC5629911.txt,3182,836
PMC5629911.txt,3183,309
PMC5629911.txt,3184,639
PMC5629911.txt,3185,117
PMC5629911.txt,3186,973
PMC5629911.txt,3187,909
PMC5629911.txt,3188,217
PMC5629911.txt,3189,639
PMC5629911.txt,3190,182
PMC5629911.txt,3191,876
PMC5629911.txt,3192,639
PMC5629911.txt,3193,180
PMC5629911.txt,3194,991
PMC5629911.txt,3195,246
PMC5629911.txt,3196,639
PMC5629911.txt,3197,133
PMC5629911.txt,3198,903
PMC5629911.txt,3199,821
PMC5629911.txt,3200,464
PMC5629911.txt,3201,639
PMC5629911.txt,3202,154
PMC5629911.txt,3203,881
PMC5629911.txt,3204,262
PMC5629911.txt,3205,639
PMC5629911.txt,3206,541
PMC5629911.txt,3207,175
PMC5629911.txt,3208,949
PMC5629911.txt,3209,303
PMC5629911.txt,3210,541
PMC5629911.txt,3211,165
PMC5629911.txt,3212,982
PMC5629911.txt,3213,527
PMC5629911.txt,3214,541
PMC5629911.txt,3215,171
PMC5629911.txt,3216,957
PMC5629911.txt,3217,657
PMC5629911.txt,3218,541
PMC5629911.txt,3219,163
PMC5629911.txt,3220,995
PMC5629911.txt,3221,221
PMC5629911.txt,3222,541
PMC5629911.txt,3223,150
PMC5629911.txt,3224,947
PMC5629911.txt,3225,541
PMC5629911.txt,3226,116
PMC5629911.txt,3227,932
PMC5629911.txt,3228,541
PMC5629911.txt,3229,139
PMC5629911.txt,3230,835
PMC5629911.txt,3231,971
PMC5629911.txt,3232,987
PMC5629911.txt,3233,877
PMC5629911.txt,3234,813
PMC5629911.txt,3235,541
PMC5629911.txt,3236,907
PMC5629911.txt,3237,694
PMC5629911.txt,3238,124
PMC5629911.txt,3239,914
PMC5629911.txt,3240,965
PMC5629911.txt,3241,962
PMC5629911.txt,3242,981
PMC5629911.txt,3243,736
PMC5629911.txt,3244,966
PMC5629911.txt,3245,475
PMC5629911.txt,3246,694
PMC5629911.txt,3247,141
PMC5629911.txt,3248,902
PMC5629911.txt,3249,919
PMC5629911.txt,3250,785
PMC5629911.txt,3251,938
PMC5629911.txt,3252,839
PMC5629911.txt,3253,757
PMC5629911.txt,3254,825
PMC5629911.txt,3255,828
PMC5629911.txt,3256,857
PMC5629911.txt,3257,616
PMC5629911.txt,3258,694
PMC5629911.txt,3259,129
PMC5629911.txt,3260,946
PMC5629911.txt,3261,975
PMC5629911.txt,3262,918
PMC5629911.txt,3263,941
PMC5629911.txt,3264,403
PMC5629911.txt,3265,694
PMC5629911.txt,3266,115
PMC5629911.txt,3267,905
PMC5629911.txt,3268,876
PMC5629911.txt,3269,905
PMC5629911.txt,3270,942
PMC5629911.txt,3271,950
PMC5629911.txt,3272,261
PMC5629911.txt,3273,694
PMC5629911.txt,3274,374
PMC5629911.txt,3275,149
PMC5629911.txt,3276,926
PMC5629911.txt,3277,838
PMC5629911.txt,3278,626
PMC5629911.txt,3279,374
PMC5629911.txt,3280,152
PMC5629911.txt,3281,917
PMC5629911.txt,3282,287
PMC5629911.txt,3283,374
PMC5629911.txt,3284,140
PMC5629911.txt,3285,857
PMC5629911.txt,3286,747
PMC5629911.txt,3287,940
PMC5629911.txt,3288,984
PMC5629911.txt,3289,818
PMC5629911.txt,3290,374
PMC5629911.txt,3291,160
PMC5629911.txt,3292,879
PMC5629911.txt,3293,374
PMC5629911.txt,3294,154
PMC5629911.txt,3295,976
PMC5629911.txt,3296,931
PMC5629911.txt,3297,489
PMC5629911.txt,3298,374
PMC5629911.txt,3299,165
PMC5629911.txt,3300,851
PMC5629911.txt,3301,625
PMC5629911.txt,3302,374
PMC5629911.txt,3303,867
PMC5629911.txt,3304,441
PMC5629911.txt,3305,980
PMC5629911.txt,3306,176
PMC5629911.txt,3307,696
PMC5629911.txt,3308,767
PMC5629911.txt,3309,980
PMC5629911.txt,3310,617
PMC5629911.txt,3311,879
PMC5629911.txt,3313,1048
PMC5629911.txt,3314,540
PMC5629911.txt,3315,879
PMC5629911.txt,3317,1002
PMC5629911.txt,3318,696
PMC5629911.txt,3319,879
PMC5629911.txt,3320,125
PMC5629911.txt,3321,782
PMC5629911.txt,3322,531
PMC5629911.txt,3323,879
PMC5629911.txt,3324,384
PMC5629911.txt,3326,974
PMC5629911.txt,3327,367
PMC5629911.txt,3328,384
PMC5629911.txt,3330,991
PMC5629911.txt,3331,449
PMC5629911.txt,3332,384
PMC5629911.txt,3334,1030
PMC5629911.txt,3335,950
PMC5629911.txt,3336,954
PMC5629911.txt,3337,325
PMC5629911.txt,3338,384
PMC5629911.txt,3340,990
PMC5629911.txt,3341,556
PMC5629911.txt,3342,384
PMC5629911.txt,3343,782
PMC5629911.txt,3344,588
PMC5629911.txt,3346,1013
PMC5629911.txt,3347,262
PMC5629911.txt,3348,588
PMC5629911.txt,3349,119
PMC5629911.txt,3350,938
PMC5629911.txt,3352,688
PMC5629911.txt,3353,128
PMC5629911.txt,3354,873
PMC5629911.txt,3355,220
PMC5629911.txt,3356,588
PMC5629911.txt,3357,691
PMC5629911.txt,3359,962
PMC5629911.txt,3360,890
PMC5629911.txt,3361,413
PMC5629911.txt,3362,691
PMC5629911.txt,3363,126
PMC5629911.txt,3364,379
PMC5629911.txt,3365,948
PMC5629911.txt,3366,691
PMC5629911.txt,3368,948
PMC5629911.txt,3369,829
PMC5629911.txt,3370,874
PMC5629911.txt,3371,827
PMC5629911.txt,3372,790
PMC5629911.txt,3373,942
PMC5629911.txt,3374,747
PMC5629911.txt,3375,979
PMC5629911.txt,3376,765
PMC5629911.txt,3377,953
PMC5629911.txt,3378,494
PMC5629911.txt,3379,691
PMC5629911.txt,3380,662
PMC5629911.txt,3381,125
PMC5629911.txt,3382,768
PMC5629911.txt,3383,912
PMC5629911.txt,3384,858
PMC5629911.txt,3385,918
PMC5629911.txt,3386,414
PMC5629911.txt,3387,662
PMC5629911.txt,3388,136
PMC5629911.txt,3389,966
PMC5629911.txt,3390,306
PMC5629911.txt,3391,934
PMC5629911.txt,3393,908
PMC5629911.txt,3394,846
PMC5629911.txt,3395,871
PMC5629911.txt,3396,864
PMC5629911.txt,3397,960
PMC5629911.txt,3398,937
PMC5629911.txt,3399,578
PMC5629911.txt,3400,934
PMC5629911.txt,3402,961
PMC5629911.txt,3403,989
PMC5629911.txt,3404,839
PMC5629911.txt,3405,976
PMC5629911.txt,3406,886
PMC5629911.txt,3407,898
PMC5629911.txt,3408,628
PMC5629911.txt,3409,934
PMC5629911.txt,3411,980
PMC5629911.txt,3412,951
PMC5629911.txt,3413,789
PMC5629911.txt,3414,879
PMC5629911.txt,3415,934
PMC5629911.txt,3417,876
PMC5629911.txt,3418,578
PMC5629911.txt,3419,934
PMC5629911.txt,3421,1020
PMC5629911.txt,3422,934
PMC5629911.txt,3423,101
PMC5629911.txt,3424,956
PMC5629911.txt,3425,746
PMC5629911.txt,3426,880
PMC5629911.txt,3427,951
PMC5629911.txt,3428,230
PMC5629911.txt,3429,934
PMC5629911.txt,3431,889
PMC5629911.txt,3432,679
PMC5629911.txt,3433,930
PMC5629911.txt,3434,797
PMC5629911.txt,3435,931
PMC5629911.txt,3436,825
PMC5629911.txt,3437,376
PMC5629911.txt,3438,934
PMC12338449.txt,3439,277
PMC12338449.txt,3440,728
PMC12338449.txt,3442,997
PMC12338449.txt,3443,251
PMC12338449.txt,3444,728
PMC12338449.txt,3445,678
PMC12338449.txt,3446,517
PMC12338449.txt,3447,601
PMC12338449.txt,3449,1046
PMC12338449.txt,3450,226
PMC12338449.txt,3451,985
PMC12338449.txt,3452,727
PMC12338449.txt,3453,814
PMC12338449.txt,3454,732
PMC12338449.txt,3455,876
PMC12338449.txt,3456,939
PMC12338449.txt,3457,724
PMC12338449.txt,3458,769
PMC12338449.txt,3459,931
PMC12338449.txt,3460,841
PMC12338449.txt,3461,980
PMC12338449.txt,3462,658
PMC12338449.txt,3463,971
PMC12338449.txt,3464,690
PMC12338449.txt,3465,985
PMC12338449.txt,3466,956
PMC12338449.txt,3467,971
PMC12338449.txt,3468,796
PMC12338449.txt,3469,972
PMC12338449.txt,3470,958
PMC12338449.txt,3471,843
PMC12338449.txt,3472,970
PMC12338449.txt,3473,857
PMC12338449.txt,3474,864
PMC12338449.txt,3475,877
PMC12338449.txt,3476,912
PMC12338449.txt,3477,935
PMC12338449.txt,3478,992
PMC12338449.txt,3479,932
PMC12338449.txt,3480,866
PMC12338449.txt,3481,722
PMC12338449.txt,3482,992
PMC12338449.txt,3483,586
PMC12338449.txt,3484,592
PMC12338449.txt,3485,713
PMC12338449.txt,3486,800
PMC12338449.txt,3487,997
PMC12338449.txt,3488,628
PMC12338449.txt,3489,905
PMC12338449.txt,3490,987
PMC12338449.txt,3491,736
PMC12338449.txt,3492,600
PMC12338449.txt,3493,601
PMC12338449.txt,3495,1027
PMC12338449.txt,3496,814
PMC12338449.txt,3497,962
PMC12338449.txt,3498,985
PMC12338449.txt,3499,823
PMC12338449.txt,3500,684
PMC12338449.txt,3501,997
PMC12338449.txt,3502,893
PMC12338449.txt,3503,964
PMC12338449.txt,3504,872
PMC12338449.txt,3505,939
PMC12338449.txt,3506,714
PMC12338449.txt,3507,789
PMC12338449.txt,3508,950
PMC12338449.txt,3509,891
PMC12338449.txt,3510,944
PMC12338449.txt,3511,705
PMC12338449.txt,3512,967
PMC12338449.txt,3513,653
PMC12338449.txt,3514,987
PMC12338449.txt,3515,644
PMC12338449.txt,3516,807
PMC12338449.txt,3517,537
PMC5029585.txt,3518,403
PMC5029585.txt,3520,999
PMC5029585.txt,3521,752
PMC5029585.txt,3522,938
PMC5029585.txt,3523,949
PMC5029585.txt,3525,992
PMC5029585.txt,3526,414
PMC5029585.txt,3527,949
PMC5029585.txt,3528,604
PMC5029585.txt,3529,900
PMC5029585.txt,3530,147
PMC5029585.txt,3532,892
PMC5029585.txt,3533,690
PMC5029585.txt,3534,147
PMC5029585.txt,3536,1032
PMC5029585.txt,3537,931
PMC5029585.txt,3538,147
PMC5029585.txt,3540,841
PMC5029585.txt,3541,417
PMC5029585.txt,3542,817
PMC5029585.txt,3543,875
PMC5029585.txt,3544,335
PMC5029585.txt,3545,924
PMC5029585.txt,3546,841
PMC5029585.txt,3548,155
PMC5029585.txt,3549,997
PMC5029585.txt,3550,296
PMC5029585.txt,3551,901
PMC5029585.txt,3552,465
PMC5029585.txt,3553,841
PMC5029585.txt,3555,249
PMC5029585.txt,3556,816
PMC5029585.txt,3557,841
PMC5029585.txt,3558,446
PMC5029585.txt,3559,592
PMC5029585.txt,3561,976
PMC5029585.txt,3562,425
PMC5029585.txt,3563,592
PMC5029585.txt,3565,1032
PMC5029585.txt,3566,119
PMC5029585.txt,3567,592
PMC5029585.txt,3569,1031
PMC5029585.txt,3570,592
PMC5029585.txt,3571,890
PMC5029585.txt,3572,590
PMC5029585.txt,3573,962
PMC5029585.txt,3575,676
PMC5029585.txt,3576,982
PMC5029585.txt,3577,962
PMC5029585.txt,3579,1027
PMC5029585.txt,3580,753
PMC5029585.txt,3581,551
PMC5029585.txt,3582,962
PMC5029585.txt,3584,893
PMC5029585.txt,3585,855
PMC5029585.txt,3586,962
PMC5029585.txt,3588,959
PMC5029585.txt,3589,239
PMC5029585.txt,3590,962
PMC5029585.txt,3591,630
PMC5029585.txt,3592,911
PMC5029585.txt,3593,580
